INPUT_WORD,PRED_WORD,TRUE_WORD
"	ank
",अंक,अंक
"	ankit
",अंकित,अंकित
"	anakon
",अनाकों,अंकों
"	angkor
",एंक्कर,अंकोर
"	angaarak
",अंगारक,अंगारक
"	angraji
",अंग्रजी,अंग्रज़ी
"	antah
",अंतः,अंतः
"	antarmukh
",अंतर्मुख,अंतर्मुख
"	andrabee
",अंद्रबी,अंद्राबी
"	andha
",अंधा,अंधा
"	andhapan
",अंधापन,अंधापन
"	andheri
",अंधेरी,अंधेरी
"	ambaani
",अम्बानी,अंबानी
"	akram
",अक्रम,अकरम
"	acapulco
",एकपुल्स,अकापुल्को
"	akhand
",अखंड,अखंड
"	akhil
",अख़िल,अखिल
"	agavai
",अगवाई,अगवाई
"	augustine
",ऑगस्टीन,अगस्टाइन
"	agsta
",एजस्टा,अगस्ता
"	agr
",अग्र,अग्र
"	achambha
",अचंभा,अचंभा
"	achievement
",अचिवेमिंट,अचीवमेंट
"	acchi
",अच्छी,अच्छी
"	achyut
",अच्युत,अच्युत
"	achhanera
",अछ्यनेरा,अछनेरा
"	ajmeedh
",अजमीद,अजमीढ़
"	ajhar
",अझार,अजहर
"	ajit
",अजित,अजित
"	agnat
",अज्ञात,अज्ञात
"	atakta
",अटकता,अटकता
"	atake
",अटके,अटके
"	atwaal
",अत्वाल,अटवाल
"	attahasa
",अत्तहासा,अट्टहास
"	addon
",अद्यों,अड्डों
"	athak
",अथक,अथक
"	atharv
",अथर्व,अथर्व
"	adad
",अदद,अदद
"	adaani
",अदानी,अदाणी
"	advait
",अदवैत,अद्वैत
"	advaitvaad
",अद्वैत्वाद,अद्वैतवाद
"	adhivas
",अधिवास,अधिवास
"	adhiik
",अधीक,अधीक
"	adhyayanarat
",अध्ययनारत,अध्ययनरत
"	anant
",अनंत,अनंत
"	ananti
",अनंती,अनंती
"	angadh
",अंगाढ़,अनगढ़
"	anchahe
",अनचाहे,अनचाहे
"	anthak
",अंथक,अनथक
"	anhoni
",अन्होंी,अनहोनी
"	anaavashyak
",अनावाश्यक,अनावश्यक
"	anik
",अनिक,अनिक
"	anishwarvadi
",अनिश्वरवादी,अनीश्वरवादी
"	anukoltha
",अनुकोल्था,अनुकूलता
"	anuchit
",अनुचित,अनुचित
"	anuprayogi
",अनुप्रयोगी,अनुप्रयोगों
"	anureet
",अनुरीत,अनुरीत
"	anuthi
",अनूठी,अनूठी
"	anudit
",अनुदित,अनूदित
"	anyaay
",अन्याय,अन्याय
"	apnani
",अपनानी,अपनानी
"	aparivartanshali
",अपरिवर्तनशीली,अपरिवर्तनशील
"	apariharya
",अपरिहर्या,अपरिहार्य
"	apavartit
",अपवर्तित,अपवर्तित
"	apaardarshi
",अपारदर्शी,अपारदर्शी
"	afroj
",अफ्रोज,अफरोज
"	africa
",अफ्रिका,अफ्रीका
"	abbaasi
",अब्बासी,अब्बासी
"	abhimat
",अभिमत,अभिमत
"	abhishap
",अभिशप,अभिशाप
"	abhi
",अभी,अभी
"	amjhera
",अमझेरा,अमझेरा
"	amargad
",अमरगढ़,अमरगढ़
"	amarpaal
",अमरपाल,अमरपाल
"	amarohi
",अमरोही,अमरोही
"	amaanat
",अमानत,अमानत
"	amaanati
",अमानती,अमानती
"	amavasya
",अमवस्या,अमावस्या
"	amit
",अमिट,अमित
"	amitao
",अमीटा,अमिताव
"	amuk
",अमुक,अमुक
"	amogh
",अमोघ,अमोघ
"	ambani
",अम्बानी,अम्बानी
"	ayodhyaanaath
",अयोध्यानाथ,अयोध्यानाथ
"	aradas
",अरदास,अरदास
"	arabab
",अरबब,अरबाब
"	around
",आराउंड,अराउंड
"	arjent
",अरजेंट,अर्जेंट
"	arth
",अर्थ,अर्थ
"	earthquake
",अर्थक्वेक,अर्थक्वेक
"	arthon
",अर्थों,अर्थों
"	arpit
",अर्पित,अर्पित
"	aryama
",अर्यमा,अर्यमा
"	alankaar
",अलंकार,अलंकार
"	alankaaron
",अलंकारों,अलंकारों
"	alagavavadi
",अलगवावादी,अलगाववादी
"	alive
",एलीव,अलाइव
"	alance
",एलांस,अलायंस
"	alind
",अलिंद,अलिंद
"	alai
",अलाई,अली
"	alonso
",एलोंसो,अलोंसो
"	alphabet
",अल्फाबेत,अल्फ़ाबेट
"	alba
",अल्बा,अल्बा
"	avantipur
",अवंतिपुर,अवंतिपुर
"	avaru
",अवरु,अवरु
"	avarodhak
",अवरोधक,अवरोधक
"	avarnata
",अवर्णता,अवर्णता
"	avashist
",अवशिस्त,अवशिष्ट
"	avasthaayen
",अवस्थाएं,अवस्थाएं
"	avi
",अवि,अवि
"	avika
",अविका,अविका
"	aviral
",अविराल,अविरल
"	avishvaasniy
",अविश्वासीय,अविश्वसनीय
"	aviva
",अविवा,अवीवा
"	avaigyanic
",अवैज्ञानिक,अवैज्ञानिक
"	ashaktataa
",अशक्तता,अशक्तता
"	asharaphi
",अशरापी,अशरफी
"	ashariri
",शार्शिरी,अशरीरी
"	ashrvatath
",अश्रवाथ,अश्वत्थ
"	asamaany
",असमान्य,असमान्य
"	asaamnjsy
",असामंजसी,असामंजस्य
"	asurakshit
",असुरक्षित,असुरक्षित
"	aset
",असेट,असेट
"	asvabhavik
",अस्वाभाविक,अस्वभाविक
"	ahirauli
",अहिरौली,अहिरौली
"	item
",आइटम,आइटम
"	items
",आइटम्स,आइटम्स
"	idle
",आइडल,आइडल
"	icc
",आईसीसी,आइसीसी
"	iso
",आईएसओ,आइसो
"	ipc
",आईपीसी,आईपीसी
"	ipad
",इपद,आईपैड
"	iris
",आईआरएस,आईरिस
"	ounce
",आंस,आउंस
"	aakaash
",आकाश,आकाश
"	aake
",आके,आके
"	aakhet
",आखेट,आखेट
"	aagat
",आगत,आगत
"	aagaman
",आगमान,आगमन
"	aagaa
",आगा,आग़ा
"	aagaashe
",आगाशे,आगाशे
"	aajmaanaa
",आजमाना,आजमाना
"	aata
",आटा,आटा
"	aatmayen
",आत्मयें,आत्माएं
"	aadaan
",आदान,आदान
"	aadhaarit
",आधारित,आधारित
"	aadheen
",आधीन,आधीन
"	aadhunik
",आधुनिक,आधुनिक
"	aanad
",आनद,आनद
"	aapka
",आपका,आपका
"	aapadaaaen
",आपदाएं,आपदाएं
"	aabantit
",आबंटित,आबंटित
"	aabru
",आब्रू,आबरू
"	aamdan
",आमदन,आमदन
"	aamdani
",आमदानी,आमदनी
"	aamdi
",आमदी,आमदी
"	aamod
",आमोद,आमोद
"	aayenge
",आयेंगे,आयेंगे
"	aayojak
",आयोजक,आयोजक
"	ro
",रो,आरओ
"	rp
",आरपी,आरपी
"	aaraam
",आराम,आराम
"	aarushi
",आरूषी,आरुषि
"	artery
",आर्टरी,आर्टरी
"	order
",आर्डर,आर्डर
"	aary
",आर्य,आर्य
"	aaryika
",आर्यिका,आर्यिका
"	aarya
",आर्यो,आर्यो
"	aaryan
",आर्यण,आर्यों
"	aalsi
",आलसी,आलसी
"	aalochak
",आलोचक,आलोचक
"	aalochakon
",आलोचकों,आलोचकों
"	aalha
",आल्हा,आल्हा
"	aawaazen
",आवाजें,आवाज़ें
"	aawajon
",आवाजों,आवाज़ों
"	aavishakaar
",आविष्कार,आविष्कार
"	aavriti
",आवृति,आवृत्ति
"	aavritiyon
",आवृतियों,आवृत्तियों
"	aashanka
",आशांका,आशंका
"	aashriton
",आश्रितों,आश्रितों
"	aasaan
",आसान,आसान
"	aastik
",आस्तिक,आस्तिक
"	aasteen
",आस्तीन,आस्तीन
"	aahnaan
",आहनान,आह्नान
"	england
",इंग्लैड,इंग्लैंड
"	engineer
",इंजिनियर,इंजिनियर
"	introduction
",इंट्रोडक्शन,इंट्रोडक्शन
"	insurance
",इंसरेंस,इंश्योरेंस
"	ear
",इयर,इअर
"	eon
",इयोन,इआन
"	ekattha
",इक्त्था,इकट्ठा
"	ekatthi
",एकत्थी,इकठ्ठी
"	ekaee
",इकाई,इकाई
"	ekaeyon
",इकाइयों,इकाईयों
"	economic
",इकोनॉमिक,इकोनोमिक
"	ecuador
",इक्युड़र,इक्वाडोर
"	equities
",इक्विटीज,इक्विटीज
"	ijaajat
",इजाज़त,इजाजत
"	inhalation
",इन्हेलेशन,इनहेलेशन
"	ibija
",इबीजा,इबीजा
"	imaging
",इमेजिंग,इमेजिंग
"	immune
",इम्यून,इम्युन
"	elaichi
",इलेची,इलाइची
"	elaaj
",इलाज,इलाज
"	ishaak
",इशाक,इशाक
"	ishaara
",इशारा,इशारा
"	ishita
",इशिता,इशिता
"	isht
",ईश्ट,इष्ट
"	isteefe
",इस्टीफ,इस्तीफे
"	ea
",ईए,ईए
"	eater
",ईटर,ईटर
"	email
",एमैल,ईमेल
"	emailon
",इमैलों,ईमेलों
"	evening
",इवेनिंग,ईवनिंग
"	east
",ईस्ट,ईष्ट
"	isaaiyon
",ईसाइयों,ईसाइयों
"	ikhrul
",इख्रुल,उखरुल
"	uchhalane
",उछलने,उछालने
"	ujback
",ज्जबैक,उज़्बेक
"	uthane
",उठने,उठने
"	uthaakar
",उठाकर,उठाकर
"	uthaapatak
",उठापतक,उठापटक
"	uthen
",उठें,उठें
"	udaan
",उदान,उड़ान
"	udaanaa
",उदाना,उड़ाना
"	udaane
",उदाने,उड़ाने
"	udaanen
",उदानें,उड़ानें
"	udaanon
",उदानों,उड़ानों
"	utane
",उतने,उतने
"	uttara
",उत्तरा,उत्तरा
"	utpan
",उत्पन,उत्पन
"	udant
",उदंत,उदंत
"	udghosh
",उद्घोष,उदघोष
"	udar
",उदार,उदर
"	uda
",उड़ा,उदा
"	udakishuganj
",उदाकिष्जगं,उदाकिशुनगंज
"	unatees
",उनातीस,उनतीस
"	uniyal
",उनियाल,उनियाल
"	upadraviyon
",उपद्रवियों,उपद्रवियों
"	upadravi
",उपद्रवी,उपद्रवी
"	upadrawon
",उपद्रवों,उपद्रवों
"	upneta
",उपनेता,उपनेता
"	upabhokta
",उपभोक्ता,उपभोक्ता
"	uplaksh
",उपलक्ष,उपलक्ष्य
"	uplabdh
",उपलब्ध,उपलब्ध
"	uplabdhiyon
",उपलाब्धियों,उपलब्धियों
"	uplabdhi
",उपलाबद्धी,उपलब्धी
"	upakhyaanon
",उपख्यानों,उपाख्यानों
"	ubuntu
",उबंतु,उबंटू
"	ubaal
",उबाल,उबाल
"	ubhaara
",उभारा,उभारा
"	umanath
",उमनाथ,उमानाथ
"	umesh
",उम्मेश,उमेश
"	urf
",यूआरएफ,उर्फ
"	urvarakon
",उर्वरकों,उर्वरकों
"	urvarata
",उर्वरता,उर्वरता
"	ulate
",उलटे,उलटे
"	ulahana
",उलाहना,उलाहना
"	ulema
",उलेमा,उलेमा
"	ulemaon
",उलेमाओं,उलेमाओं
"	usak
",उसक,उसक
"	usaki
",उसकी,उसकी
"	usmein
",उस्में,उसमें
"	usi
",उसी,उसी
"	ustara
",उस्तरा,उस्तरा
"	udharv
",उधर्व,ऊर्ध्व
"	ushma
",उष्मा,ऊष्मा
"	rishicool
",रिशिकूल,ऋषिकुल
"	enzyme
",एनजीम,एंजाइम
"	anton
",एंटों,एंटोन
"	antoni
",एंटोनी,एंटोनी
"	endometrial
",इंडोमेट्रियल,एंडोमेट्रियल
"	andreas
",एंड्रियस,एंड्रियास
"	als
",एल्स,एएलएस
"	asi
",एसी,एएसआई
"	eksaath
",एकसाथ,एकसाथ
"	ekaki
",इककी,एकाकी
"	xm
",एक्समी,एक्सएम
"	egmor
",एम्मोर,एगमोर
"	aj
",एज,एजे
"	agende
",एजेंडे,एजेंडे
"	adp
",एडीपी,एडीपी
"	adain
",अदाइन,एडेन
"	addi
",अद्धी,एड्डी
"	apj
",अपज़,एपीजे
"	ftii
",फ्टाई,एफटीआईआई
"	abbott
",अब्बोत्त,एबट
"	abvp
",एबवीपी,एबीवीपी
"	abbot
",अब्बोट,एबोट
"	mta
",एमटीए,एमटीए
"	mtake
",म्टेक,एमटेक
"	emerald
",एमराल्ड,एमरल्ड
"	emil
",एमिल,एमिल
"	amy
",अम्य,एमी
"	airway
",एयरवे,एयरवे
"	error
",एरर,एरर
"	arica
",एरिका,एरिका
"	aerobic
",एरोबिक,एरोबिक
"	lte
",एलटी,एलटीई
"	allergic
",एलर्जिक,एलर्जिक
"	eliminator
",एलिमिनेटर,एलिमिनेटर
"	aliens
",एलियंस,एलियंस
"	asian
",एसियां,एशियन
"	sfc
",एससीएस,एसएफसी
"	sk
",एसके,एसके
"	spf
",एसपीएफ,एसपीएफ
"	association
",एसोसिएशन,एसोसिएशन
"	astar
",अस्तर,एस्टर
"	aesthetics
",एस्थेटिक्स,एस्थेटिक
"	asfalt
",एसफाल्ट,एस्फाल्ट
"	ahsaas
",एहसास,एहसास
"	aisa
",ऐसा,एेसा
"	ainth
",ऐंठ,ऐंठ
"	ainthey
",ऐंठे,ऐंठे
"	aithan
",ऐत्हान,ऐठन
"	ail
",ऐल,ऐल
"	alaps
",एलाप्स,ऐल्प्स
"	aise
",ऐसे,ऐसे
"	oxide
",ऑक्सीड,ऑक्साइड
"	oxy
",ऑक्सी,ऑक्सी
"	offers
",ऑफर्स,ऑफर्स
"	offshor
",ऑफ़स्फोर,ऑफशोर
"	official
",ऑफिशियल,ऑफिशियल
"	okalahoma
",ओकलाहोमा,ओकलाहोमा
"	oklahoma
",ओकलाहोमा,ओक्लाहोमा
"	ot
",ओटी,ओत
"	opel
",ओपेल,ओपेल
"	obrayan
",ओब्रायन,ओब्रायन
"	oran
",ओरेन,ओरण
"	orian
",ओरियां,ओरियन
"	olavrishti
",ऑलवृष्टि,ओलावृष्टि
"	ovum
",ओवं,ओवम
"	oceanic
",ओसेनिक,ओशनिक
"	osaka
",ओसका,ओसाका
"	auchity
",ऑचिटी,औचित्य
"	audhyogikaran
",औध्योगीकरण,औद्योगिकरण
"	aurangabad
",औरंगाबाद,औरंगाबाद
"	aurora
",औरोरा,औरोरा
"	aulakh
",औलख,औलख
"	kankad
",कंकड़,कंकड़
"	kankad
",कंकड़,कंकर
"	kangan
",कंगन,कंगन
"	conjunction
",कंजंक्शन,कंजंक्शन
"	contemporary
",कंटीपोर्स,कंटेम्पररी
"	kanthahar
",कंठहर,कंठहार
"	composer
",कंपोजर,कंपोजर
"	kambalon
",कांबलों,कंबलों
"	consultant
",कंसल्टेंट,कंसलटेंट
"	kakkad
",कक्कड़,कक्कड़
"	kacche
",कच्चे,कच्चे
"	karta
",करता,कटरा
"	cutlery
",कटलीरी,कटलरी
"	katasaraj
",कतसराज,कटासराज
"	kathfodave
",कथफोड़ेव,कठफोड़वे
"	kathor
",कठोर,कठोर
"	kanika
",कानिका,कणिका
"	kathai
",कथाई,कत्थई
"	convention
",कनवेंशन,कनवेंशन
"	canals
",कैनल्स,कनाल
"	kanindham
",कनिंघम,कनिंघम
"	kanishthika
",कनिष्ठिका,कनिष्ठिका
"	kanyaayen
",कन्याएं,कन्याएं
"	convention
",कंवेंशन,कन्वेंशन
"	convocation
",कन्वोकेशन,कन्वोकेशन
"	cup
",कप,कप
"	kapda
",कपड़ा,कपड़ा
"	kapdo
",कपड़ो,कपड़ो
"	kaping
",कापिंग,कपिंग
"	kapolkalpana
",कपोलकल्पान,कपोलकल्पना
"	kabaddi
",कबद्दी,कबड्डी
"	kabr
",कब्र,कब्र
"	kabren
",कब्रें,कब्रें
"	kabron
",कब्रों,कब्रों
"	kamjor
",कमजोर,कमज़ोर
"	kamatar
",कमाटर,कमतर
"	kalamjeet
",कलमजीत,कमलजीत
"	kamaauu
",कमाऊ,कमाऊ
"	kamaate
",कमाते,कमाते
"	kamere
",कमेरे,कमेरे
"	karanj
",करांज,करंज
"	karanjiya
",करणजीय,करंजिया
"	kardhe
",कर्धे,करघे
"	karachana
",कराचना,करछना
"	karna
",करना,करना
"	karpatri
",करपत्री,करपात्री
"	karam
",करम,करम
"	karoor
",करूर,करूर
"	karnataka
",कर्णतका,कर्नाटका
"	karvi
",करवी,कर्वी
"	kalmein
",कलमें,कलमें
"	kalraj
",कलराज,कलराज
"	kalika
",कलिका,कलिका
"	kalpanaon
",कल्पनाओं,कल्पनाओं
"	kavvaliyon
",कववालियों,कव्वालियों
"	kavvali
",कववाली,कव्वाली
"	kashton
",कश्तों,कष्टों
"	kasarat
",कसरत,कसरत
"	kasara
",कसरा,कसारा
"	kasida
",कसीदा,कसीदा
"	kahane
",कहाने,कहने
"	kahlaya
",कहलाया,कहलाया
"	kahaniyon
",कहानियों,कहानियों
"	kile
",किले,क़िले
"	kanji
",कंजी,कांजी
"	cant
",कांट,कांट
"	kanti
",कांती,कांति
"	kakoo
",काकू,काकू
"	kaagaj
",कागज,कागज़
"	kaaji
",काजी,काजी
"	kajoo
",काजू,काजू
"	kapadi
",कपड़ी,कापड़ी
"	kamraj
",कमराज,कामराज
"	kamottejana
",कमोत्तेजना,कामोत्तेजना
"	kailana
",कैलना,कायलाना
"	carfi
",कार्फी,कार्की
"	kartik
",कार्तिक,कार्तिक
"	karyakartaon
",कार्यक्रताओं,कार्यकर्ताओं
"	karyabhar
",कार्यभार,कार्यभार
"	karyarat
",कार्यारत,कार्यरत
"	kaalpi
",काल्पि,कालपी
"	kalika
",कलिका,कालिका
"	kalighat
",कलिघाट,कालीघाट
"	coldvel
",कॉल्डवेल,काल्डवेल
"	kaav
",काव,काव
"	kaasht
",काश्त,काश्त
"	kasim
",कसिम,कासिम
"	kasimabad
",कासीमाबाद,कासिमाबाद
"	kiya
",किया,किया
"	kiliyan
",किलियां,किलियन
"	killat
",किल्लत,किल्लत
"	killi
",किल्ली,किल्ली
"	kisaani
",किसानी,किसानी
"	kisanon
",किसनों,किसानों
"	keede
",कीड़े,कीड़े
"	keynote
",कीनोटी,कीनोट
"	kiratpur
",किरातपुर,कीरतपुर
"	kundal
",कुंदाल,कुंडल
"	kundaliya
",कुंडलिया,कुंडलियाँ
"	kutta
",कुट्टा,कुत्ता
"	kuposhit
",कुपोषित,कुपोषित
"	kumau
",कुमाऊ,कुमाऊ
"	kumavat
",कुमावत,कुमावत
"	kural
",कुरल,कुराल
"	kurmi
",कुरमी,कुर्मी
"	kursiyon
",कुर्सियों,कुर्सियों
"	kush
",कुश,कुश
"	kushaan
",कुशान,कुषाण
"	kusumalataa
",कुसुमलता,कुसुमलता
"	koot
",कूट,कूट
"	kritika
",कृतिका,कृतिका
"	kpo
",कोपो,केपीओ
"	canterbari
",कैंटरबारी,कैंटरबरी
"	candidate
",कैंडिडेट,कैंडिडेट
"	katrina
",कट्रिना,कैटरीना
"	caitlyn
",कैटलिन,कैटलिन
"	cadmium
",कैडमियम,कैडमियम
"	catholic
",कैथोलिक,कैथोलिक
"	catholicon
",कैथोलिकन,कैथोलिकों
"	capacitor
",कैपिटोर,कैपेसिटर
"	carat
",कारत,कैरेट
"	cavity
",कैविटी,कैविटी
"	cavalry
",कैवली,कैवेलरी
"	complex
",कम्पल्स,कॉम्प्लेक्स
"	kocchi
",कोच्छी,कोच्चि
"	corridor
",कॉरिडोर,कोरिडोर
"	corolla
",कोरोला,कोरोला
"	caolan
",काओलन,कोलन
"	calling
",कोलिंग,कोलिंग
"	colorado
",कलरोडो,कोलोराडो
"	kaushal
",कौशल,कौशल
"	kaushalata
",कौशलता,कौशलता
"	kaushambi
",कौशंबी,कौशाम्बी
"	cute
",कटे,क्यूट
"	cube
",क्यूब,क्यूब
"	cubeck
",कायबेक,क्यूबेक
"	cubes
",क्यूब्स,क्यूब्स
"	krantiyon
",क्रांतियों,क्रांतियों
"	cric
",क्रिक,क्रिक
"	cricket
",क्रिकट,क्रिकेट
"	cricketer
",क्रिकटर,क्रिकेटर
"	cricketing
",क्रिकटिंग,क्रिकेटिंग
"	kriyayog
",क्रियायोग,क्रियायोग
"	christian
",क्रिस्चियन,क्रिश्चयन
"	kruger
",क्रगर,क्रूगर
"	craig
",क्रेग,क्रेग
"	cradle
",क्रैडल,क्रैडल
"	chrom
",क्रोम,क्रोम
"	client
",क्लाइंट,क्लांइट
"	clock
",क्लाक,क्लाक
"	clasen
",क्लासेन,क्लासें
"	classon
",क्लासों,क्लासों
"	clay
",क्ले,क्ले
"	claris
",क्लेरिस,क्लेरिस
"	quantico
",क्वांटिको,क्वांटिको
"	queens
",क्वींस,क्वींस
"	kshitij
",क्षितिज,क्षितिज
"	kshin
",क्षीण,क्षीण
"	kshetron
",क्षेत्रों,क्षेत्रों
"	khand
",खंड,खंडा
"	khachakhach
",खचाखाच,खचाखच
"	khajarana
",खजरना,खजराना
"	khatakati
",खटकती,खटकती
"	khattapan
",खट्टापन,खट्टापन
"	khat
",खत,खत
"	khani
",खानी,खनि
"	khanik
",खानिक,खनिक
"	khanikarm
",खानीकर्म,खनिकर्म
"	khapat
",खपट,खपत
"	khariya
",खरिया,खरिया
"	khalnayak
",खलनायक,खलनायक
"	khaaskar
",खासकर,ख़ासकर
"	khaastaur
",खासतौर,ख़ासतौर
"	khaibar
",खैबर,ख़ैबर
"	khaein
",खाएं,खाएं
"	khaate
",खाते,खाते
"	khal
",खल,खाल
"	khinchakar
",खिंचकर,खिंचकर
"	khilana
",खिलना,खिलाना
"	khinchkar
",खींचकर,खींचकर
"	khuda
",खुदा,खुदा
"	khudai
",खुदाई,खुदाई
"	khurapka
",खुरपका,खुरपका
"	khurasan
",खुरासन,खुरासान
"	khushiyan
",खुशियां,खुशियां
"	khene
",खेने,खेने
"	khaini
",खैनी,खैनी
"	khairati
",खैरती,खैराती
"	khoikhoi
",खोईखोई,खोईखोई
"	khoya
",खोया,खोया
"	gangrel
",गंग्रेल,गंगरेल
"	gangaajal
",गंगाजल,गंगाजल
"	gandaki
",गंदकी,गंडकी
"	gandh
",गंध,गंध
"	gae
",गाई,गए
"	gajara
",गाजरा,गजरा
"	gadkar
",गड़कर,गडकर
"	ganapati
",गणपति,गणपति
"	gatisheel
",गतिशील,गतिशील
"	gatishilata
",गतिशीलता,गतिशीलता
"	gadadhar
",गादाधार,गदाधर
"	gammat
",गम्मत,गम्मत
"	gaya
",गाया,गया
"	garibi
",गरीबी,गरीबी
"	garjana
",गरजाना,गर्जना
"	galgand
",गलगंड,गलगंड
"	gahmagahmi
",गहमगहमी,गहमागहमी
"	ganguly
",गांगुली,गांगुली
"	gaanth
",गांठ,गांठ
"	gaanthe
",गांठे,गांठे
"	ganthen
",गंथें,गांठें
"	ganthon
",गंथों,गांठों
"	gaen
",गाएं,गाएं
"	gazi
",गाज़ी,गाज़ी
"	gajipur
",गाजीपुर,गाजीपुर
"	gayatri
",गायत्री,गायत्री
"	gidgidate
",गिजगिडेट,गिड़गिड़ाते
"	ginate
",गिनते,गिनते
"	girkar
",गिरकर,गिरकर
"	girijaghar
",गिरिजाघर,गिरजाघर
"	girijagharon
",गिरिजाघरों,गिरजाघरों
"	girati
",गिरती,गिरती
"	girish
",गिरीश,गिरीश
"	guan
",गुन,गुआन
"	gujar
",गुजर,गुजार
"	gujarata
",गुजराता,गुजारता
"	gujarate
",गुजराते,गुजारते
"	gujarana
",गुजरना,गुजारना
"	gujara
",गुजरा,गुजारा
"	gujare
",गुजरे,गुजारे
"	gutta
",गुट्टा,गुट्टा
"	gthalidar
",ग्थालीदार,गुठलीदार
"	gudna
",गुड़ना,गुदना
"	gumaan
",गुमान,गुमान
"	gulshan
",गुलशन,गुलशन
"	gunga
",गूंगा,गूंगा
"	grihnagar
",गृहनगर,गृहनगर
"	galaxion
",गैलकियों,गैलेक्सियों
"	gochar
",गोचर,गोचर
"	godara
",गोदरा,गोदारा
"	gopichand
",गोपीचंद,गोपीचंद
"	gomake
",गोमाके,गोमके
"	goel
",गोयल,गोयल
"	gosvaami
",गोस्वामी,गोस्वामी
"	gaumukh
",गौमुख,गौमुख
"	gaumutr
",गौमूत्र,गौमूत्र
"	granthiyaan
",ग्रांथियां,ग्रंथियां
"	grandhiyon
",ग्रांधियों,ग्रंथियों
"	greest
",ग्रीस्ट,ग्रीस्ट
"	greg
",ग्रेग,ग्रेग
"	granite
",ग्रानीट,ग्रेनाइट
"	grandson
",ग्रैंडसन,ग्रैंडसन
"	gross
",ग्रॉस,ग्रॉस
"	ghataatop
",घटाटोप,घटाटोप
"	ghataayaa
",घटाया,घटाया
"	ghanakar
",घनाकर,घनाकार
"	ghabrahat
",घबरहात,घबराहट
"	ghasi
",घसी,घासी
"	ghisai
",घिसाई,घिसाई
"	ghisi
",घिसी,घिसी
"	ghise
",घिसे,घिसे
"	ghumakkadi
",घुमक्कड़ी,घुमक्कड़ी
"	ghumakkadon
",घुमक्कड़ों,घुमक्कड़ों
"	ghumaan
",घुमान,घुमाण
"	ghoonsa
",घूंसा,घूंसा
"	ghongha
",घोंघा,घोंघा
"	ghontane
",घोंटने,घोंटने
"	ghot
",घोट,घोट
"	ghodi
",घोड़ी,घोड़ी
"	ghost
",घोस्ट,घोस्ट
"	changul
",चंगुल,चंगुल
"	chand
",चांद,चंद
"	chandan
",चंदन,चंदन
"	chandu
",चंदू,चंदू
"	chandon
",चंदों,चंदों
"	chandrabali
",चंद्रबाली,चंद्रबली
"	chandramaon
",चंद्रमाओं,चंद्रमाओं
"	chakatte
",चकत्ते,चकत्ते
"	chakkar
",चक्कर,चक्कर
"	chakshu
",चक्षु,चक्षु
"	chatagaon
",चटागाओं,चटगांव
"	chadhane
",चढ़ाने,चढ़ने
"	chaturdik
",चतुर्दिक,चतुर्दिक
"	chatunshkoniy
",चटुंशकों,चतुष्कोणीय
"	channa
",चन्ना,चन्ना
"	chabate
",चबते,चबाते
"	chabutare
",चाबुतरे,चबूतरे
"	chamakna
",चमकना,चमकना
"	charas
",चारस,चरस
"	charit
",चरित,चरित
"	charcha
",चर्चा,चर्चा
"	charchaon
",चर्चाओं,चर्चाओं
"	chalenge
",चलेंगे,चलेंगे
"	chahunaur
",चाहुनौर,चहुंओर
"	chanval
",चनवाल,चांवल
"	chachaji
",चचाजी,चाचाजी
"	chadar
",चादर,चादर
"	chadaron
",चड़ारों,चादरों
"	chan
",चान,चान
"	chanan
",चनन,चानन
"	chaplusi
",चैपलसी,चापलूसी
"	chayal
",चयाल,चायल
"	char
",चर,चार
"	charon
",चारों,चारों
"	charge
",चर्ज,चार्ज
"	chart
",चर्ट,चार्ट
"	charton
",चार्टों,चार्टों
"	charts
",चर्ट्स,चार्ट्स
"	chaalit
",चालित,चालित
"	chikitsak
",चिकित्सक,चिकित्सक
"	chikitsakon
",चिकित्सकों,चिकित्सकों
"	chikhali
",चिखली,चिखली
"	chiththi
",चित्ती,चिट्ठी
"	chithhi
",चिठ्ठी,चिठ्ठी
"	chidchidapan
",चिड़चिड़ापन,चिडचिडापन
"	chidchidapan
",चिड़चिड़ापन,चिड़चिड़ापन
"	chidhate
",चिढ़ते,चिढ़ते
"	chithrkar
",चित्रकर,चित्रकार
"	chipakane
",चिपकाने,चिपकने
"	chimati
",चिमटी,चिमटी
"	chillane
",चिलने,चिल्लाने
"	chee
",ची,ची
"	chuka
",चुका,चुका
"	chune
",चुने,चुने
"	chunar
",चुनार,चूनर
"	changed
",चांजेड,चेंज्ड
"	chetti
",चेत्ती,चेट्टी
"	chennai
",चेननी,चेन्नई
"	chero
",चेरो,चेरो
"	chest
",चेस्ट,चेस्ट
"	championship
",चम्पियंशिं,चैंपियनशिप
"	chor
",चोर,चोर
"	choro
",चोरो,चोरों
"	chauk
",चौक,चौक
"	chauka
",चौका,चौका
"	chaukiyan
",चौकियां,चौकियां
"	chauki
",चौकी,चौकी
"	chaukhate
",चौखटे,चौखटे
"	chauguni
",चौगुनी,चौगुनी
"	chauda
",चौड़ा,चौड़ा
"	chaudahavan
",चौदहवां,चौदहवां
"	chaupati
",चौपती,चौपाटी
"	chaupal
",चौपाल,चौपाल
"	chaurai
",चौराई,चौरई
"	chausinga
",चौसिंगा,चौसिंगा
"	chhagan
",छगन,छगन
"	chhabi
",छबी,छबि
"	chhalla
",छल्ला,छल्ला
"	chhaviyaan
",छवियां,छवियाँ
"	chhavi
",छावी,छवी
"	cheh
",चेह,छह
"	chehon
",चेहों,छहों
"	chhai
",छाई,छाई
"	chhagla
",छगला,छागला
"	chhajan
",छजन,छाजन
"	chhaati
",छाती,छाती
"	chhaapemaar
",छापेमार,छापेमार
"	chheenk
",छींक,छींक
"	chenkein
",चेंकें,छींके
"	chhudaane
",छुड़ाने,छुडाने
"	chhupakar
",छुपकर,छुपकर
"	chhupata
",छुपता,छुपता
"	chhura
",छुरा,छुरा
"	chhuree
",छुर्ती,छुरी
"	chhure
",छुरे,छुरे
"	chhootane
",छूटने,छूटने
"	chheter
",छेटर,छेत्र
"	chhetri
",छेत्री,छेत्री
"	chai
",चाय,छै
"	jagaega
",जगागा,जगाएगा
"	jajaon
",जजाओं,जजों
"	jad
",जाद,जड़
"	jaddit
",जद्दित,जड़ित
"	jadein
",जादें,जड़ें
"	jatara
",जटारा,जतरा
"	jataati
",जताती,जताती
"	janagananaa
",जनगनाना,जनगणना
"	janajagran
",जनजग्रण,जनजागरण
"	january
",जनुर्य,जनवरी
"	janahaani
",जनहानि,जनहानि
"	jamaate
",जमाते,जमाती
"	jamaaya
",जमाया,जमाया
"	jamuai
",जमुई,जमुई
"	jai
",जय,जय
"	jaidayal
",जैदयाल,जयदयाल
"	jaibaan
",जयबान,जयबाण
"	jayalalita
",जयललिता,जयललिता
"	jarakh
",जरख,जरख
"	jarda
",जरदा,जर्दा
"	jalagati
",जलगति,जलगति
"	jalte
",जलते,जलते
"	jalbharav
",जलभारव,जलभराव
"	jalvaayu
",जलवायु,जलवायु
"	jalesar
",जलेसर,जलेसर
"	jasmeet
",जसमीत,जसमीत
"	jassee
",जस्सी,जस्सी
"	jamaanaa
",जमाना,ज़माना
"	jaljale
",जलझले,ज़लज़ले
"	zee
",जी,ज़ी
"	jubaan
",जुबान,ज़ुबान
"	jaanch
",जांच,जाँच
"	jaagriti
",जागृति,जागृति
"	jajamau
",जजमाऊ,जाजमऊ
"	jaat
",जात,जात
"	jaatak
",जातक,जातक
"	jaatakon
",जातकों,जातकों
"	jaatiyon
",जातियों,जातियों
"	jaankaaron
",जानकारों,जानकारों
"	jaanam
",जानम,जानम
"	jaayke
",जायके,जायके
"	jaawar
",जावर,जावर
"	jing
",जिंग,जिंग
"	gin
",गिन,जिन
"	ginee
",गिनी,जिनी
"	geneva
",जेनेवा,जिनीवा
"	gypsy
",जिप्सी,जिप्सी
"	jimme
",जिम्मे,जिम्मे
"	jiya
",जिया,जिया
"	gic
",जीआईसी,जीआईसी
"	gr
",जीआर,जीआर
"	gm
",जीएम,जीएम
"	gsm
",जीएमएस,जीएसएम
"	gtod
",ग्टोड,जीतोड़
"	jean
",जीन,जीन
"	jeenon
",जीनों,जीनों
"	jeepney
",जीपनी,जीपनी
"	jeeyo
",जीयो,जीयो
"	jeera
",जीरा,जीरा
"	jeevant
",जीवांत,जीवंत
"	jeevan
",जीवन,जीवन
"	jeevanshaili
",जीवनशैली,जीवनशैली
"	jeevniyaan
",जीवनियां,जीवनियां
"	jeevraaj
",जीवराज,जीवराज
"	jua
",जुए,जुए
"	jutee
",जुटी,जुटी
"	judaai
",जुड़ाई,जुड़ाई
"	judaai
",जुड़ाई,जुदाई
"	junoon
",जुनून,जुनून
"	junooni
",जुनूनी,जुनूनी
"	jubair
",जुबेर,जुबेर
"	juraab
",जुराब,जुराब
"	julaahon
",जुलाहों,जुलाहों
"	julmon
",जुलमों,जुल्मों
"	jood
",जूड,जूड
"	junagadh
",जुनागढ़,जूनागढ
"	junior
",जूनियर,जूनियर
"	jealous
",जीलोस,जूलूस
"	jetha
",जेठा,जेठा
"	jenner
",जेनर,जेनर
"	generic
",जेनेरिक,जेनरिक
"	generat
",जनरेट,जेनरेट
"	jenee
",जेनी,जेनी
"	james
",जमेस,जेम्स
"	jeremy
",जेरेमी,जेरेमी
"	gerome
",जेरोम,जेरोम
"	jacks
",जैक्स,जैक्स
"	jain
",जैन,जैन
"	gene
",गेने,जैने
"	jaino
",जैनो,जैनों
"	jerry
",जेरी,जैरी
"	jasper
",जासपर,जैस्पर
"	jogging
",जॉगिंग,जॉगिंग
"	johnson
",जॉन्सन,जॉनसन
"	jobs
",जॉबस,जॉब्स
"	jockey
",जॉकी,जोकि
"	jokhim
",जोखिम,जोखिम
"	joddta
",जोड़ता,जोड़ता
"	jodiyon
",जोड़ियों,जोड़ियों
"	jodo
",जोड़ो,जोड़ो
"	jaun
",जौन,जौं
"	gyatavya
",ज्ञातव्य,ज्ञातव्य
"	gyapit
",ज्ञापित,ज्ञापित
"	jyotiba
",ज्योतिबा,ज्योतिबा
"	joint
",जॉइंट,ज्वाइंट
"	jvar
",ज्वर,ज्वार
"	jvaaron
",ज्वारों,ज्वारों
"	jewellers
",ज्वेलर्स,ज्वेलर्स
"	jh
",ज,झ
"	jhalakti
",झलकती,झलकती
"	jhalla
",झल्ला,झल्ला
"	jhankana
",झंकना,झांकना
"	jheel
",झील,झील
"	jheelon
",झीलों,झीलों
"	jhuthala
",झुठला,झुठला
"	jhuthalane
",झुठलाने,झुठलाने
"	tankaar
",तनकार,टंकार
"	takara
",टकरा,टकरा
"	takaraon
",तकराओं,टकरावों
"	tapakti
",तपक्ति,टपकती
"	time
",टाइम,टाइम
"	timer
",टाइमर,टाइमर
"	taoo
",टू,टाऊ
"	tapoowo
",टापूवो,टापुओं
"	tied
",टीड,टायर्ड
"	tarch
",टर्च,टार्च
"	tik
",टिक,टिक
"	teap
",टिप,टिप
"	tippanikar
",तिप्पाणिकार,टिप्पणीकार
"	tivolee
",टिवोली,टिवोली
"	teekamgarh
",तीकमगरह,टीकमगढ़
"	teekon
",टीकों,टीकों
"	two
",ट्वो,टु
"	tension
",टेंशन,टेंशन
"	tenis
",टेनिस,टेनिस
"	taste
",तस्ते,टेस्ट
"	tasting
",टेस्टिंग,टेस्टिंग
"	tainin
",टैनिन,टैनिन
"	tanish
",तनिश,टैनिस
"	taboo
",टैबू,टैबू
"	tonic
",टॉनिक,टॉनिक
"	tonga
",टोंगा,टोंगा
"	toka
",टोका,टोका
"	tuesday
",ट्यूजडे,ट्यूजडे
"	tuning
",ट्यूनिंग,ट्यूनिंग
"	tuberculosis
",ट्यूबरकूसिस,ट्यूबरक्यूलोसिस
"	truck
",ट्रुक,ट्रक
"	trangistor
",ट्रांजिस्टर,ट्रांजिस्टर
"	transfer
",ट्रांसफर,ट्रान्सफर
"	tribunal
",ट्रिब्युल,ट्रिब्युनल
"	tribunal
",ट्रिब्युल,ट्रिब्यूनल
"	truth
",ट्रुथ,ट्रुथ
"	traded
",त्रेद्ड,ट्रेडेड
"	trabal
",ट्रेबल,ट्रेबल
"	traip
",ट्रैप,ट्रैप
"	trot
",ट्रॉट,ट्रॉट
"	thakkar
",ठक्कर,ठक्कर
"	thaharne
",ठहरने,ठहरने
"	thikane
",ठिकने,ठिकाने
"	thumari
",थुमारी,ठुमरी
"	theinga
",ठेंगा,ठेंगा
"	daglas
",दगलास,डगलस
"	dabhara
",धभरा,डभरा
"	dabhoi
",डभोई,डभोई
"	dam
",डम,डम
"	darate
",दरते,डराते
"	daravani
",दरवानी,डरावनी
"	down
",डॉन,डाउन
"	daak
",डाक,डाक
"	daka
",डाका,डाका
"	dabi
",दबी,डाबी
"	dabolim
",दबोलिम,डाबोलिम
"	dinosaur
",दिनोसौर,डायनासोर
"	diaries
",डियरिएस,डायरीज
"	dit
",डिट,डिट
"	depthiriya
",देप्थिरिया,डिप्थीरिया
"	de
",दे,डीई
"	dealership
",डीलर्शिप,डीलरशिप
"	dvc
",डीवीसी,डीवीसी
"	dubaana
",दुबाना,डुबाना
"	dubona
",डुबोना,डुबोना
"	dulne
",डुलने,डुलने
"	doonarpur
",दूनरपुर,डूंगरपुर
"	dubana
",दुबना,डूबना
"	dangerous
",डंजरूप,डेंजरस
"	daisy
",दैस्य,डेजी
"	deputy
",डिप्टी,डेप्युटी
"	davidson
",डाविड्सन,डेविडसन
"	davey
",डेवी,डेवी
"	destination
",डेस्टिनेशन,डेस्टिनेशन
"	datson
",दत्सों,डैटसन
"	daddy
",देद्जी,डैडी
"	dark
",डॉर्क,डॉर्क
"	dose
",दोसे,डोज
"	domenic
",डोमेनिक,डोमेनिक
"	doranda
",दोरंदा,डोरंडा
"	dolane
",डोलने,डोलने
"	dual
",डुएल,ड्युअल
"	duak
",दुक,ड्यूक
"	drame
",ड्रेम,ड्रामे
"	drager
",ड्रेजर,ड्रेजर
"	dhakaal
",ढकाल,ढकाल
"	dhale
",ढले,ढले
"	dhoondh
",धूंध,ढूंढ
"	dhoondhata
",धूंधता,ढूंढता
"	dhoondhi
",ढूंढी,ढूंढी
"	tanjavur
",तंजावुर,तंजावुर
"	tantr
",तंत्र,तंत्र
"	tantrikao
",तंत्रिकाओं,तंत्रिकाओं
"	tantro
",टंट्रो,तंत्रों
"	tagade
",तगड़े,तगड़े
"	tadipaar
",तदीपार,तड़ीपार
"	tani
",तनी,तनी
"	tapan
",टापन,तपन
"	tarafa
",तराफा,तरफा
"	tarabganj
",तराबगंज,तरबगंज
"	taras
",तरस,तरस
"	taraash
",तराश,तराश
"	tarashay
",तराशय,तराशे
"	tareeko
",तरीको,तरीको
"	tark
",टर्क,तर्क
"	tarkvaad
",तर्कवाद,तर्कवाद
"	tarko
",टरको,तर्कों
"	talabgaar
",तलबगार,तलबगार
"	talawe
",तलवे,तलवे
"	talawon
",तलाओं,तलवों
"	tahakhana
",तहखना,तहखाना
"	taantaa
",तांता,तांता
"	tambe
",तंबे,तांबे
"	taaja
",ताजा,ताजा
"	tansen
",टांसें,तानसेन
"	taapmaanon
",तापमानों,तापमानों
"	taapti
",ताप्ति,ताप्ती
"	tarabai
",तराबाई,ताराबाई
"	taseer
",तसीर,तासीर
"	taahi
",ताहि,ताहि
"	tikone
",टिकोन,तिकोने
"	tirupati
",तिरूपति,तिरूपति
"	tiwari
",तिवारी,तिवारी
"	ti
",ती,ती
"	teer
",तीर,तीर
"	teeron
",तीरों,तीरों
"	tirthatan
",तिरथटन,तीर्थाटन
"	tungnath
",तुनग्नाथ,तुंगनाथ
"	tughlaq
",तुघलाक,तुगलक
"	tughlakabad
",तुघलाकाद,तुगलकाबाद
"	tugalaki
",तुगलाकी,तुगलकी
"	tufail
",टफैल,तुफैल
"	tejaji
",तेजाजी,तेजाजी
"	teji
",तेजी,तेजी
"	tel
",तेल,तेल
"	telon
",तेलों,तेलों
"	to
",टू,तो
"	taul
",टॉल,तौल
"	tyohaar
",त्योहार,त्यौहार
"	tyauharon
",त्यौहारों,त्यौहारों
"	trijata
",त्रिजटा,त्रिजटा
"	triya
",त्रिया,त्रिया
"	tremasik
",त्रेमासिक,त्रैमासिक
"	tse
",टेस,त्से
"	thaki
",थकी,थकी
"	tharti
",थर्टी,थर्टी
"	thane
",थने,थाणे
"	thaanvi
",ठांवी,थानवी
"	theateron
",थीटरों,थिएटरों
"	theaters
",थ्यूटर्स,थिएटर्स
"	theater
",थीटर,थियेटर
"	theateron
",थीटरों,थियेटरों
"	theaters
",थ्यूटर्स,थियेटर्स
"	thirake
",थिरके,थिरके
"	thief
",थीफ,थीफ
"	then
",थेन,थेन
"	theni
",थेनी,थेनी
"	thailee
",थैली,थैली
"	thaile
",थाइले,थैले
"	dang
",डांग,दंग
"	danga
",दंगा,दंगा
"	dangon
",दंगों,दंगों
"	dampati
",दामपति,दंपति
"	dampatiyon
",दंपतियों,दंपतियों
"	dadreva
",दद्रेवा,ददरेवा
"	damoh
",दमोह,दमोह
"	dardara
",दरदारा,दरदरा
"	darmiyaan
",दर्मियां,दरमियान
"	darjano
",दर्जनों,दर्जनों
"	darp
",डार्प,दर्प
"	darra
",दर्रा,दर्रा
"	dalbadal
",दलबदल,दलबदल
"	dali
",दली,दली
"	dastaanaa
",दस्ताना,दस्ताना
"	dastavej
",दस्तावेज़,दस्तावेज
"	dahan
",दहन,दहन
"	dahal
",दहल,दहल
"	da
",दा,दा
"	daakhil
",दाख़िल,दाखिल
"	daakhile
",दाख़ीले,दाखिले
"	daataa
",दाता,दाता
"	dadari
",दादरी,दादरी
"	daanshil
",दानशील,दानशील
"	daabholkar
",दाभोलकर,दाभोलकर
"	damale
",दमले,दामले
"	dayitv
",दयित्व,दायित्व
"	dayitvon
",दयित्वों,दायित्वों
"	darul
",दरुल,दारूल
"	daav
",दाव,दाव
"	daah
",दाह,दाह
"	dikhla
",दिखला,दिखला
"	dikhaaiye
",दिखाइए,दिखाइये
"	dikhaai
",दिखाई,दिखाई
"	dikhaaee
",दिखाए,दिखाईं
"	dikhai
",दिखाई,दिखायी
"	dikhaai
",दिखाई,दिखार्इ
"	dita
",दिता,दिता
"	dinaank
",दिनांक,दिनांक
"	dirham
",दरहम,दिरहम
"	dilaaye
",दिलाये,दिलाये
"	deewani
",दिवानी,दिवानी
"	divy
",दिव्यी,दिव्य
"	divyata
",दिव्यता,दिव्यता
"	divya
",दिव्या,दिव्या
"	deepan
",दीपन,दीपन
"	deepsingh
",दीप्सिंह,दीपसिंह
"	deepika
",दीपिका,दीपिका
"	deeya
",दीया,दीया
"	dukaanon
",दुकानों,दुकानों
"	dukke
",दुक्के,दुक्के
"	dukhan
",दुखन,दुखन
"	dukhit
",दुखित,दुखित
"	dukhiyon
",दुखियों,दुखियों
"	dukhon
",दुखों,दुखों
"	dubhashiyon
",दुभाषियों,दुभाषियों
"	durgun
",दुर्गुण,दुर्गुण
"	durghatna
",दुर्घटना,दुर्घटना
"	duneerti
",दुनीर्ती,दुर्नीति
"	durbhiksh
",दुर्भिक्ष,दुर्भिक्ष
"	duvidhaaen
",दुविधाएं,दुविधाएं
"	dune
",दूने,दूने
"	doordarshan
",दूरदर्शन,दूरदर्शन
"	dradh
",दृध,दृढ़
"	dekhoge
",डेखोज,देखोगे
"	denevaali
",देनेवाली,देनेवाली
"	deonar
",डियोनर,देवनार
"	devaapur
",देवापुर,देवापुर
"	devi
",देवी,देवी
"	devisingh
",देवीसिंह,देवीसिंह
"	deshkaal
",देशकाल,देशकाल
"	deshke
",देशके,देशके
"	desai
",देसई,देसाई
"	doge
",डोगे,दोगे
"	dvadash
",द्वादश,द्वादश
"	dvivedi
",द्विवेदी,द्विवेदी
"	dhande
",धंडे,धंधे
"	dhandhon
",धंधों,धंधों
"	dhakelte
",धकेलते,धकेलते
"	dhatana
",धटना,धटना
"	dhankuber
",धनकुबेर,धनकुबेर
"	dhanadhany
",धनधान्य,धनधान्य
"	dhamkaataa
",धमकाता,धमकाता
"	dhamm
",धम्म,धम्म
"	dhamma
",धम्मा,धम्मा
"	dharmnath
",धर्मनाथ,धर्मनाथ
"	dharmraj
",धर्मराज,धर्मराज
"	dharmesh
",धर्मेश,धर्मेश
"	dhasmaanaa
",धस्माना,धस्माना
"	dhaak
",धाक,धाक
"	dhaaga
",धागा,धागा
"	dhaatuein
",धातुएं,धातुएं
"	dhaarak
",धारक,धारक
"	dhaari
",धारी,धारी
"	dhuan
",धुआं,धुआं
"	dhunaai
",धुनाई,धुनाई
"	dhuriya
",धुरिया,धुरिया
"	dhuni
",धूनी,धूनी
"	dhairyavaan
",धैर्यवान,धैर्यवान
"	dhokebaaj
",धोखेबाज,धोखेबाज
"	dhona
",धोना,धोना
"	dhoraaji
",धोराजी,धोराजी
"	dhoron
",धोरों,धोरों
"	dhyeyavaadi
",ध्येयवादी,ध्येयवादी
"	dhrupad
",ध्रुपद,ध्रुपद
"	nandanvan
",नंदनव,नंदनवन
"	nadsa
",नादसा,नक्सल
"	naksalavaad
",नक्सलवाद,नक्सलवाद
"	naksaliyon
",नक्सलियों,नक्सलियों
"	naksali
",नक्सली,नक्सली
"	nagaada
",नगाड़ा,नगाड़ा
"	nageene
",नगीने,नगीने
"	najarandaaj
",नजरंदाज,नजरंदाज
"	najraane
",नजराने,नजराने
"	najariyon
",नजरियों,नजरियों
"	najron
",नजरों,नजरों
"	najeeb
",नजीब,नजीब
"	najibabaad
",नजीबाबाद,नजीबाबाद
"	najeem
",नजीम,नजीम
"	nana
",नाना,नना
"	nanhe
",नन्हे,नन्हें
"	nabj
",नब्ज़,नब्ज़
"	namkeen
",नमकीन,नमकीन
"	narnaari
",नर्नारी,नरनारी
"	narbhakshi
",नरभक्षी,नरभक्षी
"	naram
",नरम,नरम
"	narmi
",नर्मी,नरमी
"	narsanhar
",नरसंहर,नरसंहार
"	narsanharon
",नरसंहरों,नरसंहारों
"	november
",नॉवमबर,नवंबर
"	navketan
",नवकेतन,नवकेतन
"	navjaagaran
",नवजागरण,नवजागरण
"	navdha
",नवधा,नवधा
"	navvadhoo
",नववाधो,नववधू
"	nava
",नवा,नवा
"	navate
",नवाते,नवाते
"	navanagar
",नवानगर,नवानगर
"	navya
",नव्य,नव्या
"	naseem
",नसीम,नसीम
"	nights
",नाइट्स,नाइट्रस
"	nineteez
",निनेतीज,नाइनटीज
"	nau
",नौ,नाऊ
"	naakaam
",नाकाम,नाकाम
"	naagrik
",नागारिक,नागारिक
"	nagin
",नागिन,नागिन
"	nadep
",नाड़ेप,नाडेप
"	nanak
",ननक,नानक
"	nanavati
",नानावती,नानावती
"	napane
",नपने,नापने
"	napa
",नापा,नापा
"	naam
",नाम,नाम
"	naamdhari
",नामधारी,नामधारी
"	namankano
",नमांकनों,नामांकनों
"	namavaliyon
",नमवलियों,नामावलियों
"	naamo
",नामो,नामो
"	nayak
",नयक,नायक
"	naraji
",नाराजी,नाराजी
"	naraingarh
",नारेंगढ़,नारायणगढ़
"	naasar
",नासर,नासर
"	nahargadh
",नहरगढ़,नाहरगढ
"	nikalegi
",निकलेगी,निकलेगी
"	nikaalani
",निकालनी,निकालनी
"	nicki
",निकी,निकी
"	niketan
",निकेतन,निकेतन
"	nikhar
",निखर,निखर
"	nikhari
",निखरी,निखरी
"	nigar
",निगर,निगर
"	nichala
",निचला,निचला
"	nitiyon
",नितियों,नितियों
"	nitya
",नित्य,नित्या
"	nidhaan
",निधान,निधान
"	nipatara
",निपटरा,निपटारा
"	niyanta
",नियंता,नियंता
"	niya
",निया,निया
"	nirdeshika
",निर्देशिका,निर्देशिका
"	nirdhaarit
",निर्धारित,निर्धारित
"	nirbaadh
",निर्बाध,निर्बाध
"	niveshakartaa
",निवेशकर्ता,निवेशकर्ता
"	nischal
",निश्चल,निश्चल
"	nishnaat
",निष्णात,निष्णात
"	nishpaap
",निष्पाप,निष्पाप
"	nihalaani
",निहलानी,निहलानी
"	nihaalchand
",निहालचंद,निहालचंद
"	neechaaee
",नीचाई,नीचाई
"	neat
",नीट,नीट
"	neetiyon
",नीतियों,नीतियों
"	neelagaay
",नीलगाय,नीलगाय
"	neelaabh
",नीलाभ,नीलाभ
"	nuskhe
",नुस्खे,नुस्खे
"	noon
",नून,नून
"	noobiyaa
",नूबिया,नूबिया
"	nrityashaili
",नृत्याशाली,नृत्यशैली
"	nrityon
",नृत्यों,नृत्यों
"	neco
",नेको,नेको
"	nectar
",नेक्टर,नेक्टर
"	neg
",नेग,नेग
"	networking
",नेटवर्किंग,नेटवर्किग
"	neto
",नेटो,नेटो
"	neta
",नेता,नेता
"	nemo
",नेमो,नेमो
"	nelsan
",नेल्सन,नेल्सन
"	nations
",नेशंस,नेशंस
"	nehara
",नेहरा,नेहरा
"	naino
",नैनो,नैनो
"	naivedh
",नैवेध,नैवेद्य
"	nominate
",नॉमिनेट,नॉमिनेट
"	naukari
",नौकरी,नोकरी
"	notes
",नोट्स,नोट्स
"	nora
",नोरा,नोरा
"	nori
",नोरी,नोरी
"	nauner
",नॉनर,नौनेर
"	nauvahan
",नवहान,नौवहन
"	naushad
",नौशद,नौशाद
"	panchaang
",पंचांग,पंचांग
"	punjab
",पुंजब,पंजाब
"	punjabiyon
",पुंजबियों,पंजाबियों
"	pantar
",पंतर,पंटर
"	pakaayein
",पकाएं,पकाएं
"	pakaude
",पकौदे,पकौड़े
"	pakshapat
",पश्चापत,पक्षपात
"	pagabadha
",पगबाधा,पगबाधा
"	pagalaa
",पगला,पगला
"	pachaataa
",पचाता,पचाता
"	patakkar
",पटक्कर,पटककर
"	patkathaayein
",पटकथाएं,पटकथाएं
"	patki
",पटकी,पटकी
"	pataraani
",पटरानी,पटरानी
"	patavaari
",पटवारी,पटवारी
"	pataakshep
",पटाक्षेप,पटाक्षेप
"	patiya
",पटिया,पटिया
"	padaraunaa
",पदरौना,पडरौना
"	padega
",पड़ेगा,पड़ेगा
"	padha
",पढ़ा,पढ़ा
"	padhaataa
",पढ़ाता,पढ़ाता
"	patili
",पतिली,पतीली
"	padamawati
",पदमावती,पदमावती
"	padadhikari
",पदाधिकारी,पदाधिकारी
"	panapnaa
",पनप्ना,पनपना
"	panaamaa
",पनामा,पनामा
"	paneer
",पनीर,पनीर
"	pammi
",पम्मी,पम्मी
"	pardesiyon
",पर्डेशियों,परदेसियों
"	pardesi
",परदेसी,परदेसी
"	parva
",परवा,परवा
"	paraadheen
",पराधीन,पराधीन
"	parikalpit
",परिकल्पित,परिकल्पित
"	parimal
",परिमल,परिमल
"	parishad
",परिषद,परिषद
"	parishadiy
",परिषदीय,परिषदीय
"	parishadon
",परिषदों,परिषदों
"	parikhaen
",परिखाएं,परीक्षाएं
"	parosane
",परोसने,परोसने
"	parda
",परदा,पर्दा
"	purple
",परप्ल,पर्पल
"	palatne
",पलटने,पलटने
"	palaari
",पलारी,पलारी
"	pale
",पले,पले
"	palmonari
",पल्मोनरी,पल्मोनरी
"	plus
",प्लस,पल्स
"	pashtun
",पश्तुन,पश्तून
"	pahan
",पहन,पहन
"	pahantaa
",पहनता,पहनता
"	pahanate
",पहनते,पहनते
"	pahnaakar
",पहनाकर,पहनाकर
"	pahnaati
",पहनाती,पहनाती
"	pahani
",पहनी,पहनी
"	pahno
",पहनों,पहनो
"	pahla
",पहला,पहला
"	paheliyaan
",पहेलियां,पहेलियां
"	paheliyon
",पहेलियों,पहेलियों
"	pide
",पाइड,पाइड
"	pythagoras
",पिथागोरस,पाइथागोरस
"	paakhandi
",पाखंडी,पाखंडी
"	paathshaalaayein
",पाठशालाएं,पाठशालाएं
"	paathyakram
",पाठ्यक्रम,पाठ्यक्रम
"	paathyakramon
",पाठ्यक्रमों,पाठ्यक्रमों
"	population
",पापुलेशन,पापुलेशन
"	pailot
",पैलोट,पायलट
"	pailoton
",पैलोटों,पायलटों
"	paarampariktaa
",पार्मपारिकता,पारंपरिकता
"	parnel
",पर्नेल,पार्नेल
"	parleron
",पर्लेरों,पार्लरों
"	paarshad
",पार्षद,पार्षद
"	paarshadon
",पार्शदों,पार्षदों
"	policy
",पालिसी,पालिसी
"	pinta
",पिंटा,पिंटा
"	piega
",पीगा,पिएगा
"	pic
",पिक,पिक
"	piki
",पिकी,पिकी
"	picture
",पिक्चर,पिक्चर
"	pigmentation
",पिज्ञेंटेशन,पिगमेंटेशन
"	pigs
",पिग्स,पिग्स
"	pichde
",पिंडे,पिछड़े
"	pijja
",पिज्जा,पिज्जा
"	pitaamaha
",पितामहा,पितामह
"	pipra
",पिपरा,पिपरा
"	pipli
",पिपली,पिपली
"	pearson
",पर्सन,पियरसन
"	peary
",पीरी,पियरी
"	pisaai
",पिसाई,पिसाई
"	pihaani
",पिहानी,पिहानी
"	pib
",पिब,पीआईबी
"	pr
",पीआर,पीआर
"	pml
",पीएमएल,पीएमएल
"	pmo
",प्मो,पीएमओ
"	pmch
",पीएमसी,पीएमसीएच
"	psv
",पीएसवी,पीएसवी
"	peaking
",पीकिंग,पीकिंग
"	peetne
",पीटने,पीटने
"	pedia
",पीडिया,पीडिया
"	peelepan
",पीलेपन,पीलेपन
"	pv
",पीवी,पीवी
"	pisa
",पीसा,पीसा
"	putla
",पुतला,पुतला
"	putaliyaan
",पुतलियां,पुतलियां
"	putaliyon
",पुतलियों,पुतलियों
"	putali
",पुतली,पुतली
"	putale
",पुतले,पुतले
"	putin
",पुतिन,पुतिन
"	putul
",पुतुल,पुतुल
"	punargathan
",पुनर्गठन,पुनर्गठन
"	puna
",पुना,पुना
"	puraane
",पुराने,पुराने
"	puru
",पुरू,पुरू
"	purjon
",पुर्जों,पुर्जों
"	pulam
",पुलम,पुलम
"	pushkin
",पुश्किन,पुश्किन
"	pushkarana
",पुष्करणा,पुष्करणा
"	pushp
",पुष्प,पुष्प
"	pushpa
",पुष्पा,पुष्पा
"	pushpit
",पुष्पित,पुष्पित
"	pushpon
",पुष्पों,पुष्पों
"	poonjikaran
",पूंजीकरण,पूंजीकरण
"	poojaapaath
",पूजापाठ,पूजापाठ
"	pooranpur
",पूराणपुर,पूरनपुर
"	purvaabhaas
",पूर्वाभास,पूर्वाभास
"	pendulam
",पेंडुलम,पेंडुलम
"	peg
",पेग,पेग
"	pages
",पेज्स,पेजेज
"	pace
",पेस,पेस
"	pastry
",पेस्ट्री,पेस्ट्री
"	pangolin
",पंगोलीन,पैंगोलिन
"	packard
",पैकार्ड,पैकर्ड
"	package
",पैकेज,पैकेज
"	packageon
",पैकेजन,पैकेजों
"	paim
",पैम,पैम
"	paratrooper
",परत्रूपर,पैराट्रूपर
"	paranormal
",परणोरमल,पैरानॉर्मल
"	paraffin
",परफ्फिन,पैराफिन
"	parabola
",परबोला,पैराबोला
"	polimer
",पॉलिमर,पॉलिमर
"	polishing
",पॉलिशिंग,पॉलिशिंग
"	pokar
",पोकर,पोकर
"	polish
",पोलिश,पोलिश
"	poshit
",पोषित,पोषित
"	posta
",पोस्ता,पोस्ता
"	pau
",पौ,पौ
"	pyade
",प्यादे,प्यादे
"	prakriya
",प्रक्रिया,प्रक्रिया
"	prakshepak
",प्रक्षेपक,प्रक्षेपक
"	pratigya
",प्रतिज्ञा,प्रतिज्ञा
"	pratibhutiyan
",प्रतिभूतियां,प्रतिभूतियां
"	pratiyon
",प्रतियों,प्रतियों
"	prativaad
",प्रतिवाद,प्रतिवाद
"	prativadi
",प्रतिवादी,प्रतिवादी
"	pratishat
",प्रतिषात,प्रतिशत
"	praneet
",प्रणीत,प्रनीत
"	prapaat
",प्रपात,प्रपात
"	prapaaton
",प्रपातों,प्रपातों
"	prabodhini
",प्रबोधिनी,प्रबोधिनी
"	prayaasrat
",प्रयास्त,प्रयासरत
"	pradarshan
",प्रदर्शन,प्रर्दशन
"	pravati
",प्रवती,प्रवत्ति
"	prashaasanik
",प्रशासनिक,प्रशासनिक
"	prashaasanon
",प्रशासनों,प्रशासनों
"	prashikshu
",प्रशिक्षु,प्रशिक्षु
"	prastaavon
",प्रस्तावों,प्रस्तावों
"	prahlaad
",प्रहलाद,प्रहलाद
"	prahasan
",प्रहसन,प्रहसन
"	prahaarak
",प्रहारक,प्रहारक
"	prahad
",प्रहद,प्रह्लाद
"	privacy
",प्राइवेसी,प्राइवेसी
"	praakkathan
",प्राक्काथन,प्राक्कथन
"	praan
",प्राण,प्राण
"	pranon
",प्रणों,प्राणों
"	prathamik
",प्रथामिक,प्राथमिक
"	praathmikata
",प्राथमिकता,प्राथमिकता
"	prathmiki
",प्रथ्मीकी,प्राथमिकी
"	pradhyapakon
",प्राध्यापकों,प्राध्यापकों
"	prapt
",प्राप्त,प्राप्त
"	prapti
",प्राप्ति,प्राप्ती
"	praroop
",प्ररूप,प्रारूप
"	priyamani
",प्रियमानी,प्रियामणि
"	proof
",प्रूफ,प्रूफ
"	prekshakon
",प्रेक्षकों,प्रेक्षकों
"	prem
",प्रेम,प्रेम
"	premlata
",प्रेमलाता,प्रेमलता
"	prema
",प्रेमा,प्रेमा
"	premi
",प्रेमी,प्रेमी
"	profit
",प्रोफिट,प्रॉफिट
"	processing
",प्रोसेसिंग,प्रॉसेसिंग
"	programers
",प्रोग्रामर्स,प्रोग्रामर्स
"	proto
",प्रोटो,प्रोटो
"	propellant
",प्रोपेलांट,प्रोपेलेंट
"	praudh
",प्रौढ़,प्रौढ
"	plan
",प्लेन,प्लेन
"	fund
",फंड,फंड
"	funda
",फुंडा,फंडा
"	funding
",फंडिंग,फंडिंग
"	fandon
",फंदों,फंदों
"	fagua
",फागुआ,फगुआ
"	fatane
",फटने,फटने
"	fadfadata
",फड़फड़ता,फड़फड़ाता
"	fatehgadh
",फतेहगढ़,फतेहगढ़
"	fabti
",फ़ाब्ती,फब्ती
"	farse
",फर्से,फरसे
"	farheen
",फरहीन,फरहीन
"	farth
",फर्थ,फर्थ
"	farmion
",फर्मियन,फर्मिऑन
"	farookhabad
",फरुखाबाद,फर्रुखाबाद
"	farookhnagar
",फरुखनगर,फर्रूखनगर
"	falata
",फलता,फलता
"	falne
",फलने,फलने
"	falitarth
",फलितर्थ,फलितार्थ
"	falibhoot
",फलीभूत,फलीभूत
"	favvara
",फववरा,फव्वारा
"	favvare
",फववरे,फव्वारे
"	favvaron
",फववारों,फव्वारों
"	faisala
",फैसला,फ़ैसला
"	follow
",फोलो,फ़ॉलो
"	faansi
",फांसी,फांसी
"	fatama
",फटमा,फातमा
"	faaf
",फाफ,फाफ
"	farsi
",फर्सी,फारसी
"	farm
",फर्म,फार्म
"	farmic
",फार्मिक,फार्मिक
"	formulae
",फोरमूलाई,फार्मूले
"	pharmacy
",फार्मास्य,फार्मेसी
"	pharma
",फरमा,फार्मों
"	farms
",फर्म्स,फार्म्स
"	finger
",फिंगर,फिंगर
"	fikra
",फ़िक्र,फिक्र
"	physician
",फिजिशियन,फिजिशियन
"	firti
",फार्टी,फिरती
"	fisla
",फिस्ला,फिसला
"	feeder
",फीडर,फीडर
"	fulaaye
",फुलाए,फुलाए
"	furti
",फूर्ती,फूर्ति
"	fus
",फूस,फूस
"	feka
",फेका,फेका
"	fefada
",फेफड़ा,फेफड़ा
"	facial
",फैसियल,फेशियल
"	fact
",फैक्ट,फैक्ट
"	federal
",फैडरल,फैडरल
"	failkar
",फैलकर,फैलकर
"	failaaiye
",फैलाइए,फैलाइए
"	failegi
",फैलेगी,फैलेगी
"	font
",फोंट,फॉन्ट
"	fogat
",फोगत,फोगाट
"	fod
",फॉड,फोड़
"	foda
",फोडा,फोड़ा
"	fode
",फोड,फोड़े
"	fodo
",फोडो,फोड़ों
"	fortis
",फोर्टिस,फोर्टिस
"	fusion
",फ़्यूशन,फ्यूजन
"	fuji
",फुजी,फ्यूजी
"	francisca
",फ्रांसिस्का,फ्रांसिस्का
"	francisco
",फ्रांसिस्को,फ्रांसिस्को
"	fringe
",फ्रिंज,फ्रिंज
"	friendship
",फ्रेंडशिप,फ्रेंडशिप
"	frost
",फ्रॉस्ट,फ्रॉस्ट
"	flin
",फ्लिन,फ्लिन
"	flesh
",फ्लेश,फ्लेश
"	bang
",बांग,बंग
"	bangbandhu
",बंगबंधु,बंगबंधु
"	bangbhang
",बंगभंग,बंगभंग
"	bangash
",बंगश,बंगश
"	bantane
",बांटने,बंटने
"	bandhati
",बांधती,बंधती
"	bandhan
",बंधन,बंधान
"	bandhuon
",बंधुओं,बंधुओं
"	bamba
",बंबा,बंबा
"	bakaayon
",बकायों,बकायों
"	bakaul
",बकौल,बकौल
"	baksa
",बकसा,बक्सा
"	baksi
",बकसी,बक्सी
"	bakse
",बकसे,बक्से
"	bakhshane
",बख्शाने,बख्शने
"	bagad
",बगड़,बगड़
"	bageechi
",बगीची,बगीची
"	bachat
",बचात,बचत
"	bachati
",बचती,बचती
"	bajana
",बजना,बजना
"	bajrangi
",बजरंगी,बजरंगी
"	bajaj
",बजज,बजाज
"	batalvi
",बतलवी,बटालवी
"	badhachadhakar
",बाधाचाधकर,बढ़ाचढ़ाकर
"	badata
",बड़ता,बढ़ाता
"	badhaati
",बढ़ाती,बढ़ाती
"	badhayi
",बाधायी,बढ़ायी
"	badhav
",बढ़ाव,बढ़ाव
"	badhotari
",बढ़ोतरी,बढ़ोतरी
"	batlaae
",बटलाई,बतलाए
"	batlaakar
",बतलाकर,बतलाकर
"	badlapur
",बदलापुर,बदलापुर
"	badali
",बदली,बदली
"	badam
",बदम,बदाम
"	banva
",बानवा,बनवा
"	banaam
",बनाम,बनाम
"	baniya
",बनिया,बनिया
"	banu
",बनू,बनू
"	barpaayaa
",बरपाया,बरपाया
"	barsa
",बरसा,बरसा
"	barsaata
",बरसाता,बरसाता
"	barhad
",बरहद,बरहद
"	baraat
",बरात,बरात
"	baraamad
",बरामद्द,बरामद
"	baramade
",बरामड़े,बरामदे
"	bare
",बेरे,बरे
"	birth
",बार्थ,बर्थ
"	baljeet
",बलजीत,बलजीत
"	ballabh
",बल्लभ,बल्लभ
"	balla
",बल्ला,बल्ला
"	balli
",बल्ली,बल्ली
"	basava
",बसवा,बसावा
"	bastiyon
",बस्तियों,बस्तियों
"	bahroopiya
",बहरूपिया,बहरूपिया
"	bahamaas
",बहमास,बहामास
"	bahaav
",बहाव,बहाव
"	bahavalpur
",बहवालपुर,बहावलपुर
"	bahuchara
",बहुचरा,बहुचरा
"	banthia
",बंथिया,बांठिया
"	bandhate
",बंधाते,बांधते
"	banbi
",बंबी,बांबी
"	bounceron
",बाउंसरों,बाउंसरों
"	bowling
",बोलिंग,बाउलिंग
"	baku
",बाकू,बाकू
"	baag
",बाग,बाग
"	bagabani
",बगाबनी,बागबानी
"	bagali
",बगली,बागली
"	baagiyon
",बागियों,बागियों
"	baago
",बागो,बागो
"	baji
",बाजी,बाज़ी
"	bajaru
",बाजारू,बाजारू
"	bajuon
",बाजुओं,बाजुओं
"	badh
",बढ़,बाध
"	badha
",बढ़ा,बाधा
"	baadhaaon
",बाधाओं,बाधाओं
"	baadhit
",बाधित,बाधित
"	baani
",बानी,बानी
"	baapa
",बापा,बापा
"	baabat
",बाबत,बाबत
"	bayern
",बायर्न,बायर्न
"	barah
",बरह,बारह
"	baarahamaasee
",बारहमासी,बारहमासी
"	barahsinga
",बरहसिंग,बारहसिंगा
"	bala
",बला,बाला
"	baalti
",बालती,बाल्टी
"	baldvin
",बल्दविन,बाल्डविन
"	bavaji
",बवाजी,बावजी
"	baawaraa
",बावरा,बावरा
"	baahulya
",बाहुल्या,बाहुल्य
"	box
",बॉक्स,बाॅक्स
"	bikherati
",बिखेरती,बिखेरती
"	biggest
",बिग्जेस्ट,बिगेस्ट
"	bichhua
",बिछुआ,बिछुआ
"	biji
",बिजी,बिजी
"	bipin
",बिपिन,बिपिन
"	bilae
",बिलाई,बिलाई
"	billa
",बिल्ला,बिल्ला
"	bilhaur
",बिलहौर,बिल्हौर
"	bisva
",बिस्वा,बिस्वा
"	bag
",बैग,बीएजी
"	bikaner
",बिकनर,बीकानेर
"	bikaneri
",बिकनेरी,बीकानेरी
"	bk
",बीएक,बीके
"	beejak
",बीजक,बीजक
"	beef
",बीफ,बीफ
"	beem
",बीम,बीम
"	beemon
",बीमों,बीमों
"	beerganj
",बीरगंज,बीरगंज
"	beesavaan
",बीसवां,बीसवां
"	beast
",बीस्ट,बीस्ट
"	budvig
",बुद्विग,बुडविग
"	bull
",बुल,बुल
"	bulaao
",बुलाओ,बुलाओ
"	bule
",बुले,बुले
"	bulletin
",बुलेटिन,बुलेटिन
"	brijesh
",ब्रिजेश,बृजेश
"	benvar
",बेनवर,बेंवर
"	beaulad
",बुलाद,बेऔलाद
"	bekaaboo
",बेकाबू,बेकाबू
"	bechakar
",बेचकर,बेचकर
"	bechate
",बेचते,बेचते
"	bediyan
",बेडियां,बेड़ियां
"	bethanal
",बेथनल,बेथनल
"	benis
",बेनिस,बेनिस
"	belacha
",बेलचा,बेलचा
"	belinda
",बेलिंदा,बेलिंडा
"	bevkufana
",बेवकुफान,बेवकूफाना
"	besahaaraa
",बेसहारा,बेसहारा
"	basin
",बसीन,बेसिन
"	basil
",बसिल,बेसिल
"	bandage
",बैंडेज,बैंडेज
"	baithantey
",बैठंते,बैठते
"	baitool
",बैटूल,बैतूल
"	baini
",बैनी,बैनी
"	bairakpur
",बैरकपुर,बैरकपुर
"	baila
",बैला,बैला
"	ballistic
",बल्सिस्टिक,बैलिस्टिक
"	bells
",बैल्स,बैल्स
"	bostan
",बॉस्टन,बॉस्टन
"	bokaro
",बोकरो,बोकारो
"	bodara
",बोदरा,बोदरा
"	bona
",बोना,बोना
"	borkar
",बोरकर,बोरकर
"	borivali
",बोरीवाली,बोरीवली
"	born
",बोर्न,बोर्न
"	bolane
",बोलने,बोलने
"	boliae
",बोलिया,बोलिए
"	bosaan
",बोसान,बोसान
"	bauni
",बौनी,बौनी
"	byaawa
",ब्यावा,ब्यावर
"	brajesh
",ब्रजेश,ब्रजेश
"	brahmalin
",ब्रह्मालीन,ब्रह्मलीन
"	bravo
",ब्रावो,ब्रावो
"	brigatn
",ब्रिगेटन,ब्रिगटन
"	brigadier
",ब्रिगारीय,ब्रिगेडियर
"	britain
",ब्रिटेन,ब्रिटेन
"	breed
",ब्रीड,ब्रीद
"	brock
",ब्रोक,ब्रोक
"	brocken
",ब्रॉकेन,ब्रोकन
"	blosam
",ब्लॉसम,ब्लॉसम
"	bhagaane
",भगाने,भगाने
"	bhadakaaya
",भड़काया,भड़काया
"	bhabhoot
",भभूत,भभूत
"	bhay
",भय,भय
"	bhayo
",भायो,भयो
"	bharatanatyam
",भारतनाट्यम,भरतनाट्यम्
"	bharate
",भरते,भरते
"	bharani
",भरनी,भरनी
"	bharane
",भराने,भरने
"	bhara
",भरा,भरा
"	bhavishya
",भविष्या,भविष्य
"	bhaate
",भाते,भाते
"	bhanu
",भानू,भानू
"	bhabar
",भाबर,भाबर
"	bhareeye
",भरीय,भारीय
"	bhavanaon
",भवनाओं,भावनाओं
"	bhaskar
",भस्कर,भास्कर
"	bheed
",भीड़,भीड़
"	bheera
",भीरा,भीरा
"	bheesham
",भीषम,भीष्म
"	bhugat
",भुगत,भुगत
"	bhugata
",भुगता,भुगता
"	bhutto
",भुट्टो,भुट्टो
"	bhumi
",भुमि,भुमि
"	bhurbhura
",भुरभुरा,भुरभुरा
"	bhookh
",भूख,भूख
"	bhookhi
",भूखी,भूखी
"	bhoogol
",भूगोल,भूगोल
"	bhootal
",भूतल,भूतल
"	bhoopsingh
",भूपसिंह,भूपसिंह
"	bhumi
",भूमी,भूमी
"	bhulata
",भूलता,भूलता
"	bhula
",भूला,भूला
"	bhooli
",भूली,भूली
"	bhulo
",भूलो,भूलो
"	bhulon
",भूलों,भूलों
"	bhusi
",भूसी,भूसी
"	bhooswaami
",भूसवामी,भूस्वामी
"	bhengapan
",भेंगापन,भेंगापन
"	bhairavnath
",भैरावनाथ,भैरवनाथ
"	bhairo
",भैरो,भैरो
"	bhogatey
",भोगते,भोगते
"	bhola
",भोला,भोला
"	bholi
",भोली,भोली
"	bholu
",भोलू,भोलू
"	bhaunho
",भौनो,भौंहों
"	bhraant
",भ्रांत,भ्रांत
"	bhraanti
",भ्रांति,भ्रांति
"	bhraantiyan
",भ्रांतियां,भ्रांतियां
"	bhraantiyon
",भ्रांतियों,भ्रांतियों
"	mangesh
",मंगेश,मंगेश
"	manch
",मांच,मंच
"	manchit
",मंचित,मंचित
"	mancheeye
",मांचनीय,मंचीय
"	manchon
",मंचों,मंचों
"	manjil
",मंजिल,मंजिल
"	manjila
",मंजिला,मंजिला
"	manjilein
",मंजिलें,मंजिलें
"	manto
",मांटो,मंटो
"	mantriyon
",मंत्रियों,मंत्रियों
"	makrani
",मकरानी,मकरानी
"	maksad
",मकसद,मक्सद
"	makhdumpur
",मखदमुपुर,मखदुमपुर
"	machaaye
",मचाए,मचाए
"	machaanon
",मचानों,मचानों
"	madaura
",मदौरा,मढ़ौरा
"	manipal
",मनिपाल,मणिपाल
"	matpatron
",मतप्तरों,मतपत्रों
"	matthe
",मत्थे,मत्थे
"	matsyavatar
",मत्स्यवतार,मत्स्यावतार
"	masyendranath
",मसीन्द्रनाथ,मत्स्येंद्रनाथ
"	madhupur
",मधुपुर,मधुपुर
"	manmarji
",मनमर्जी,मनमर्जी
"	manae
",मनाई,मनाए
"	mam
",माम,मम
"	maryokar
",मार्योकर,मयोर्का
"	mardaani
",मरदानी,मरदानी
"	marmar
",मर्मर,मरमर
"	maratha
",मराठा,मराठा
"	marathi
",मारथी,मराठी
"	marji
",मर्जी,मर्जी
"	mardanagi
",मर्दनागी,मर्दानगी
"	mardo
",मार्डो,मर्दों
"	maryaadaa
",मर्यादा,मर्यादा
"	maryaadaaon
",मर्यादाओं,मर्यादाओं
"	malaga
",मलगा,मलागा
"	malaar
",मलार,मलार
"	mashrak
",मश्रक,मशरक
"	masaaledaar
",मसालेदार,मसालेदार
"	masoor
",मसूर,मसूर
"	masse
",मस्से,मस्से
"	mahakane
",महकाने,महकने
"	mahalon
",महालों,महलों
"	mahagranth
",महाग्रांठ,महाग्रंथ
"	mahajan
",महाजन,महाजन
"	mahathir
",महातिर,महाथिर
"	mahanatam
",महानतम,महानतम
"	mahanideshak
",महानिदेशक,महानिदेशक
"	mahapauron
",महापौरों,महापौरों
"	mahapran
",महाप्रण,महाप्राण
"	mahamantr
",महामंत्र,महामंत्र
"	maharaja
",महाराजा,महाराजा
"	mahavigyan
",महाविज्ञान,महाविज्ञान
"	mahavidya
",महाविद्या,महाविद्या
"	mahavishnu
",महाविष्णु,महाविष्णु
"	mahasingh
",महासिंह,महासिंह
"	mahipal
",महिपाल,महिपाल
"	mahin
",महीन,महीन
"	mahinon
",महीनों,महीनों
"	maang
",मांग,मांग
"	mangani
",मंगनी,मांगनी
"	maanga
",मांगा,मांगा
"	maangi
",मांगी,मांगी
"	maange
",मांगे,मांगे
"	mango
",मंगो,मांगो
"	maori
",माओरी,माओरी
"	maajin
",माजिन,माजिन
"	mathe
",माथे,माथे
"	maap
",माप,माप
"	mamooli
",मामूली,मामूली
"	mame
",मेम,मामे
"	maarvaad
",मारवाद,मारवाड़
"	maariya
",मारिया,मारिया
"	maariyo
",मारियो,मारियो
"	martha
",मर्था,मार्था
"	maalish
",मालिश,मालिश
"	mave
",मेव,मावे
"	maas
",मांस,मास
"	maason
",मासों,मासों
"	mitaao
",मिटाओ,मिटाओ
"	mithaai
",मिठाई,मिठाई
"	media
",मिडिया,मिडिया
"	mithila
",मिथिला,मिथिला
"	mithilanchal
",मिथिलंचल,मिथिलांचल
"	mithya
",मिथ्या,मिथ्या
"	mimicry
",मिमिक्री,मिमिक्री
"	milkiyat
",मिलकियत,मिल्कियत
"	misha
",मिशा,मिशा
"	mungeri
",मुंगरी,मुंगेरी
"	mundva
",मुंडवा,मुंडवा
"	munshiganj
",मुंशीगंज,मुंशीगंज
"	mukarte
",मुकरते,मुकरते
"	mukhopadhyaya
",मुखोपाध्याय,मुखोपाध्याय
"	mukhyamantri
",मुख्यमंत्री,मुख्यमंत्री
"	munaf
",मुनफ,मुनाफ
"	munafa
",मुनफा,मुनाफा
"	munnu
",मुन्नू,मुन्नू
"	mufalisi
",मुफलिसी,मुफलिसी
"	mubarakpur
",मुबरकपुर,मुबारकपुर
"	murjha
",मुरझा,मुर्झा
"	multae
",मुल्ताई,मुल्ताई
"	mushahid
",मुशहिद,मुशाहिद
"	muhavare
",मुहावरे,मुहावरे
"	mooth
",मूठ,मूठ
"	mood
",मूड,मूड
"	moodi
",मूडी,मूडी
"	mool
",मूल,मूल
"	moolchand
",मूलचंद,मूलचंद
"	moolar
",मूलर,मूलर
"	moolon
",मूलों,मूलों
"	maxico
",मेक्सिको,मेक्सिको
"	mega
",मेगा,मेगा
"	megapixal
",मेगेपिकल,मेगापिक्सल
"	mejbaan
",मेजबान,मेजबान
"	mejabani
",मेजबानी,मेजबानी
"	mejbaan
",मेजबान,मेज़बान
"	mejbaani
",मेजबानी,मेज़बानी
"	mate
",मेट,मेट
"	mates
",मेट्स,मेट्स
"	medical
",मेडिकल,मेडीकल
"	methanol
",मेथेनॉल,मेथेनॉल
"	menu
",मेनू,मेनू
"	mem
",मेम,मेम
"	melaghaat
",मेलाघाट,मेलघाट
"	melaanin
",मेलानिन,मेलानिन
"	melaani
",मेलानी,मेलानी
"	maheman
",महेमन,मेहमान
"	meharaam
",मेहराम,मेहराम
"	macbook
",मैकबुक,मैकबुक
"	matix
",मैटिक्स,मैट्रिक्स
"	mad
",मद,मैड
"	maddy
",मेड्डी,मैडी
"	main
",मैन,मैन
"	mainan
",मैनन,मैनन
"	manner
",मैनर,मैनर
"	maina
",मैना,मैना
"	maine
",मैने,मैने
"	marrej
",मर्जिज,मैरेज
"	maisachusets
",मैसाचुसेट्स,मैसाचुसेट्स
"	maisor
",मैसोर,मैसोर
"	mod
",मोड़,मॉड
"	modern
",मॉडर्न,मॉडर्न
"	module
",मोडुल,मॉड्यूल
"	modules
",मोडुल्स,मॉड्यूल्स
"	mauritious
",मॉरीशस,मॉरिशस
"	mogali
",मोगली,मोगली
"	motive
",मोटिव,मोटिव
"	mol
",मोल,मोल
"	mold
",मोल्ड,मोल्ड
"	moshe
",मोशे,मोशे
"	mosad
",मोसद,मोसाद
"	mohana
",मोहना,मोहाना
"	mohani
",मोहनी,मोहानी
"	mohini
",मोहिनी,मोहिनी
"	mohim
",मोहिम,मोहिम
"	maukon
",मौकों,मौकों
"	mauma
",मौमा,मौमा
"	maurya
",मौर्य,मौर्या
"	maurya
",मौर्य,मौर्यों
"	maulaviyon
",मौलवियों,मौलवियों
"	maule
",मौले,मौले
"	mausa
",मौसा,मौसा
"	yatn
",यत्न,यत्न
"	yada
",यादा,यदा
"	yaduvansh
",यदुवंश,यदुवंश
"	jerusalem
",जेरूसलम,यरूशलेम
"	yashpaal
",यशपाल,यशपाल
"	yaatna
",यातना,यातना
"	yaatanaon
",यातनाओं,यातनाओं
"	yarayan
",यारायण,यात्राएं
"	yaariyan
",यारियां,यारियां
"	yaari
",यारी,यारी
"	yugam
",युगम,युग्म
"	yuddhrat
",युद्धरत,युद्धरत
"	ukrainian
",उक्रेनियन,यूक्रेनियन
"	jerusalem
",जेरूसलम,येरुशलम
"	yorker
",यॉर्कर,यॉर्कर
"	yojanaein
",योजनाएं,योजनाएं
"	rangate
",रंगते,रंगते
"	rangkata
",रंगकता,रंजकता
"	raees
",राईस,रईस
"	raktaabh
",रक्ताभ,रक्ताभ
"	rakhna
",रखना,रखना
"	raghupati
",रघुपति,रघुपति
"	raghuram
",रघुराम,रघुराम
"	registerd
",रिजिस्टर्ड,रजिस्टर्ड
"	ratanpur
",रतनपुर,रतनपुर
"	runners
",रनर्स,रनर्स
"	rayan
",रायन,रयान
"	ralhan
",रल्हन,रल्हन
"	ravish
",रविश,रविश
"	ravael
",रवाएल,रवैल
"	rasad
",रसद,रसद
"	rasaayanik
",रसायनिक,रसायनिक
"	rasaayanon
",रसायनों,रसायनों
"	rahamat
",रहमत,रहमत
"	rahenge
",रहेंगे,रहेंगे
"	rahegi
",रहेगी,रहेगी
"	rounder
",राउंडर,राउंडर
"	raak
",राक,राक
"	raakhe
",राखे,राखे
"	raagon
",रागों,रागों
"	raghavan
",रघवान,राघवन
"	raaj
",राज,राज
"	rajkot
",राजकोट,राजकोट
"	rajtantra
",राजतंत्र,राजतंत्र
"	raajneetikaran
",राजनीतीकरण,राजनीतीकरण
"	rajma
",राजमा,राजमां
"	raajasva
",राजस्वा,राजस्व
"	raaji
",राजी,राजी
"	rajinaama
",राजीनामा,राजीनामा
"	raajon
",राजों,राजों
"	rana
",राना,राणा
"	raatrichar
",रात्रिचर,रात्रिचर
"	raadhe
",राधे,राधे
"	ranapur
",रानापुर,रानापुर
"	rabin
",रबीन,राबिन
"	rabha
",रभा,राभा
"	ramkot
",रामकोट,रामकोट
"	ramtek
",रामटेक,रामटेक
"	rampur
",रामपुर,रामपुर
"	rambharose
",रामभरोस,रामभरोसे
"	ramraj
",रामराज,रामराज
"	raalod
",रालोद,रालोद
"	ravaley
",रवले,रावले
"	rasayanik
",रासायनिक,रासायनिक
"	racreation
",रैक्रेयशन,रिक्रिएशन
"	rig
",रिग,रिग
"	riggs
",रिग्स,रिग्स
"	richual
",ऋिचुल,रिचुअल
"	reduction
",रिडक्शन,रिडक्शन
"	ripan
",रिपन,रिपन
"	ria
",रिया,रिया
"	rishte
",रिश्ते,रिश्ते
"	risane
",रिसने,रिसने
"	rihana
",रिहाना,रिहाना
"	regal
",रेगल,रीगल
"	reasonal
",रिजनल,रीजनल
"	retreate
",रिट्रेट,रीट्वीट
"	reeta
",रीता,रीता
"	rukate
",रुकते,रुकते
"	rugan
",रूगन,रुग्ण
"	ruganta
",रुगांता,रुग्णता
"	rojvelt
",रुजवेल्ट,रुजवेल्ट
"	rodolph
",रोडोल्फ,रुडोल्फ
"	roopesh
",रुपेश,रुपेश
"	ruby
",रब्बी,रुबी
"	roomani
",रूमानी,रुमानी
"	rukavaton
",रूकावटों,रूकावटों
"	root
",रूट,रूट
"	rooting
",रूटिंग,रूटिंग
"	roots
",रूट्स,रूट्स
"	roopak
",रूपक,रूपक
"	roopi
",रूपी,रूपी
"	rantle
",रंटल,रेंटल
"	registan
",रिजिस्टान,रेगिस्तान
"	registani
",रिज़िस्टानी,रेगिस्तानी
"	reja
",रेजा,रेजा
"	rate
",रते,रेट
"	rate
",रते,रेत
"	refaeli
",रिफाली,रेफेली
"	reshe
",रेशे,रेशे
"	race
",रेस,रेस
"	racer
",रेसर,रेसर
"	racing
",रेसिंग,रेसिंग
"	reson
",रेसों,रेसों
"	rehaana
",रेहाना,रेहाना
"	racketeer
",रैकेटीर,रैकेटियर
"	radical
",रैडिकल,रैडिकल
"	raith
",रैथ,रैथ
"	rapping
",रैपिंग,रैपिंग
"	robertsan
",रोबर्टेन,रॉबर्टसन
"	robinson
",रॉबिंसन,रॉबिंसन
"	royals
",रॉयल्स,रॉयल्स
"	rojlin
",रोजलिन,रोजलिन
"	rotation
",रोटेशन,रोटेशन
"	rodrigo
",रोड्रिगो,रोड्रिगो
"	ronaldo
",रोनाल्डो,रोनाल्डो
"	ronit
",रोनित,रोनित
"	roni
",रोनी,रोनी
"	ropane
",रोपने,रोपने
"	robin
",रोबिन,रोबिन
"	roya
",रोया,रोया
"	rollers
",रोलर्स,रोलर्स
"	rovan
",रोवन,रोवन
"	rosario
",रोसरियो,रोसारियो
"	raubadaar
",रौबदार,रौबदार
"	landara
",लंदरा,लंगड़ा
"	langar
",लंगर,लंगर
"	langaron
",लंगरों,लंगरों
"	lambi
",लंबी,लंबी
"	lakeer
",लकीर,लकीर
"	lakiron
",लकीरों,लकीरों
"	lakme
",लकमे,लक्मे
"	lakshmidhar
",लक्ष्मीदार,लक्ष्मीधर
"	lakshy
",लक्ष्य,लक्ष्य
"	lakshyon
",लक्ष्यों,लक्ष्यों
"	lux
",लुक्स,लक्स
"	laksar
",लक्सर,लक्सर
"	lakhkhi
",लख्खी,लख्खी
"	lagna
",लगना,लगना
"	laganewale
",लगनेवाले,लगनेवाले
"	lagega
",लगेगा,लगेगा
"	lajjalu
",लज्जलु,लज्जालु
"	latkate
",लटकेट,लटकाते
"	ladki
",लड़की,लड़की
"	ladate
",लड़ते,लड़ते
"	ladaai
",लड़ाई,लड़ाई
"	ladaaiyon
",लदाइयों,लड़ाईयों
"	lapetane
",लेपेटन,लपेटने
"	labada
",लाबड़ा,लबादा
"	labdh
",लाब्ध,लब्ध
"	lalak
",लालक,ललक
"	lalkarata
",लालकर्ता,ललकारता
"	lalla
",लल्ला,लल्ला
"	lavasa
",लावसा,लवासा
"	lassi
",लस्सी,लस्सी
"	lahanaa
",लहना,लहना
"	lahraee
",लहराई,लहराई
"	lahalhati
",लहल्हाती,लहलहाती
"	lahsun
",लाहसुन,लहसुन
"	lanchar
",लंचर,लांचर
"	lycopene
",लाइकोपन,लाइकोपिन
"	lime
",लाइम,लाइम
"	lives
",लिव्स,लाइव्स
"	live
",लाइव,लाईव
"	laegi
",लागी,लाएगी
"	lagataar
",लगतार,लागातार
"	laata
",लाता,लाता
"	laati
",लाती,लाती
"	layega
",लायेगा,लायेगा
"	lalpur
",लालपुर,लालपुर
"	las
",लास,लास्ट
"	lindbhed
",लिंदभेड़,लिंगभेद
"	lindan
",लिंडन,लिंडन
"	likhakar
",लिखाकर,लिखकर
"	ligar
",लिगर,लिगर
"	liberation
",लाइबेरेशन,लिबरेशन
"	liberation
",लाइबेरेशन,लिब्रेशन
"	leaderon
",लीडरों,लीडरों
"	louis
",लुई,लुईस
"	ludhakate
",लुढ़कते,लुढ़कते
"	lutf
",लुफ्त,लुत्फ
"	lumding
",लुमिंग,लुमडिंग
"	lootmaar
",लूटमार,लूटमार
"	landal
",लंदल,लेंडल
"	lega
",लेगा,लेगा
"	letakar
",लेटाकर,लेटकर
"	lenevali
",लेनेवाली,लेनेवाली
"	label
",लेबेल,लेबल
"	labeling
",लाबेलिंग,लेबलिंग
"	labelo
",लेबेलो,लेबलों
"	lemon
",लेमों,लेमन
"	laingadan
",लाइंगड़न,लैंगडन
"	laigikata
",लैगिकता,लैंगिकता
"	lanset
",लैसेट,लैंसेट
"	lairi
",लैरी,लैरी
"	lace
",लेस,लैस
"	locket
",लॉकेट,लॉकेट
"	laundry
",लॉन्ड्री,लॉन्ड्री
"	longewal
",लोंगेवल,लोंगोवाल
"	log
",लोग,लोग
"	loge
",लोगे,लोगे
"	lochdar
",लोचदर,लोचदार
"	lodi
",लोड़ी,लोदी
"	laurence
",लौरेंस,लौरेंस
"	wonder
",वंडर,वंडर
"	vansh
",वंश,वंश
"	vanshdhar
",वंशधर,वंशधर
"	vanshavad
",वांशवाद,वंशवाद
"	vajood
",वजूद,वजूद
"	vadali
",वादली,वडाली
"	vanita
",वनिता,वनिता
"	vareinye
",वारेनी,वरेण्य
"	varn
",वर्न,वर्ण
"	varnit
",वर्णित,वर्णित
"	vartamaan
",वर्तमान,वर्तमान
"	varddhaman
",वर्द्धमन,वर्द्धमान
"	verbal
",वर्बल,वर्बल
"	varshan
",वर्षण,वर्शन
"	varsaache
",वर्साचे,वर्साचे
"	valkan
",वल्कन,वल्कन
"	vash
",वाश,वश
"	vashikaran
",वाष्पीकरण,वशीकरण
"	vaangchuk
",वांगचुक,वांगचुक
"	want
",वांट,वांट
"	vije
",विजे,वाइज
"	vatar
",वाटर,वाटर
"	watson
",वाट्सों,वाटसन
"	vaan
",वाण,वाण
"	vaanon
",वाणों,वाणों
"	vatanukulan
",वातनुकुलन,वातानुकूलन
"	vaadak
",वादक,वादक
"	vaadiyon
",वादियों,वादियों
"	vayana
",वायना,वायना
"	wireless
",वायरलेस,वायरलेस
"	warrior
",वारियर,वारियर्स
"	valve
",वल्वे,वाल्व
"	vastavik
",वास्त्वाविक,वास्तविक
"	vaahikayen
",वाहिकायें,वाहिकाएं
"	winter
",विंटर,विंटर
"	vincent
",विंसेंट,विंसेंट
"	vikalpon
",विकल्पों,विकल्पों
"	wicket
",विकेट,विकेट
"	vikramjeet
",विक्रमजीत,विक्रमजीत
"	vichaarakon
",विचारकों,विचारकों
"	vigyan
",विज्ञान,विज्ञान
"	vigyaani
",विज्ञानी,विज्ञानी
"	vigyaanon
",विज्ञानों,विज्ञानों
"	vitthal
",वित्थल,विट्ठल
"	viththal
",विथ्ठल,विठ्ठल
"	vitark
",विटर्क,वितर्क
"	vidhaaein
",विधायें,विद्याएं
"	vidhaaon
",विधाओं,विद्याओं
"	vidhansabhaein
",विधानसभाएं,विधानसभाएं
"	vidhivat
",विधिवत,विधिवत
"	vidhut
",विद्युत्,विधुत
"	vinasht
",विनाश्त,विनष्ट
"	vineet
",विनीत,विनीत
"	vipreetataa
",विप्रीतता,विपरीतता
"	vipra
",विप्रा,विप्रा
"	vipro
",विप्रो,विप्रो
"	vibha
",विभा,विभा
"	vibhajak
",विभाजक,विभाजक
"	vibhram
",विभ्राम,विभ्रम
"	vimarsh
",विमर्श,विमर्श
"	vimarsho
",विमर्शो,विमर्शों
"	virajati
",विराजती,विराजती
"	virechan
",विरेचन,विरेचन
"	virodh
",विरोध,विरोध
"	virodhabhasi
",विरोधभासी,विरोधाभासी
"	virodhabhason
",विरोधाभासों,विरोधाभासों
"	vividh
",विविध,विविध
"	vivekahin
",विवेकहीन,विवेकहीन
"	visheshan
",विशेषण,विशेषण
"	visheshanon
",विशेषणों,विशेषणों
"	visheshaadhikaar
",विशेषाधिकार,विशेषाधिकार
"	vishwasaniy
",विश्वसनीय,विश्वसनीय
"	vishwasaniyata
",विश्वसनियता,विश्वसनीयता
"	vishahin
",विषहीन,विषहीन
"	vishanu
",विषणु,विष्णु
"	vlc
",वीएलसी,वीएलसी
"	weeks
",वीक्स,वीक्स
"	veerchand
",वीरचंद,वीरचंद
"	veeresh
",वीरेश,वीरेश
"	vritton
",वृत्तों,वृत्तों
"	venkataraman
",वेंकटरमन,वेंकटरमन
"	ved
",वेड,वेड
"	wedding
",वेडिंग,वेडिंग
"	vediyon
",वेदियों,वेदियों
"	vedon
",वेदों,वेदों
"	venezuela
",वेनेजुला,वेनेजुएला
"	veronica
",वेरोनिका,वेरोनिका
"	velvet
",वेलवेट,वेलवेट
"	welder
",वेल्डर,वेल्डर
"	welding
",वेल्डिंग,वेल्डिंग
"	wealth
",व्यूथ,वेल्थ
"	vellur
",वेल्फर,वेल्लूर
"	vesh
",वेश,वेश
"	wasting
",वास्टिंग,वेस्टिंग
"	wastinghouse
",वास्टिंघाउस,वेस्टिंगहाउस
"	vaisley
",वैसले,वेस्ले
"	vaigyaanik
",वैज्ञानिक,वैज्ञानिक
"	vaigyaanikta
",वैग्यानिकता,वैज्ञानिकता
"	vaitravati
",वैत्रवती,वैत्रवती
"	vaimanasy
",वैमनास्य,वैमनस्य
"	very
",वैरी,वैरी
"	vaisaakh
",वैसाख,वैशाख
"	vaishaakhi
",वैशाखी,वैशाखी
"	vaishnodevi
",वैश्नोदेवी,वैष्णोदेवी
"	vyaktigat
",व्यक्तिगत,व्यक्तिगत
"	vyagr
",व्याग्र,व्यग्र
"	vyatit
",व्यातित,व्यतीत
"	vyabhichar
",व्यभीचर,व्यभिचार
"	vyavadhan
",व्यवधान,व्यवधान
"	vyavahargat
",व्यवहार्गत,व्यवहारगत
"	vyaghat
",व्याघ्ट,व्याघात
"	vyapak
",व्यापक,व्यापक
"	vlad
",व्लाद,व्लाद
"	vladimir
",व्लादीमीर,व्लादिमीर
"	shanghai
",शांघाई,शंघाई
"	shatpath
",शत्पथ,शतपथ
"	shanivar
",शानीवार,शनिवार
"	shabana
",शबना,शबाना
"	shabdarth
",शब्दार्थ,शब्दार्थ
"	shamadan
",शमादन,शमादान
"	shamitabh
",शमिताभ,शमिताभ
"	shamil
",शमिल,शमिल
"	sharabon
",शराबों,शराबों
"	shararat
",शरारत,शरारत
"	sharmana
",शर्माना,शर्माना
"	shaharwasiyon
",शहरवासियों,शहरवासियों
"	shahdara
",शाहदरा,शहादरा
"	shaantikaal
",शांतिकाल,शांतिकाल
"	shaao
",शाओ,शाओ
"	shaakir
",शाकिर,शाकिर
"	shaakhaaen
",शाखाएं,शाखाएं
"	shayak
",शायक,शायक
"	shaavakon
",शावकों,शावकों
"	shaasaka
",शासका,शासक
"	sasakon
",ससकों,शासकों
"	shipra
",शिप्रा,शिप्रा
"	shirke
",शिरके,शिर्के
"	sheershakon
",शीर्षकों,शीर्षकों
"	shujaat
",शुजात,शुजात
"	shooting
",शुटिंग,शुटिंग
"	should
",शाउल्ड,शुड
"	shubhankar
",शुभंकर,शुभंकर
"	shumaali
",शुमाली,शुमाली
"	shringaar
",श्रींगार,शृंगार
"	sheling
",शेलिंग,शेलिंग
"	shaili
",शैली,शैली
"	shaishav
",शैष्व,शैशव
"	sean
",सीन,शॉन
"	short
",शोत्र,शोर्ट
"	sure
",सुरे,श्योर
"	shrankhala
",श्रृंखला,श्रंखला
"	shrankhalaaon
",श्रृंखलाओं,श्रंखलाओं
"	shravani
",श्रवणी,श्रावणी
"	shrikar
",श्रीकर,श्रीकर
"	shrikhand
",श्रीखंड,श्रीखंड
"	shrimati
",श्रीमति,श्रीमति
"	shriram
",श्रीराम,श्रीराम
"	shrotaon
",श्रोताओं,श्रोताओं
"	shat
",शत,षट्
"	sankhyaein
",संख्याएं,संख्याएं
"	sanghanit
",संघानित,संघनित
"	sanchayan
",संचायन,संचयन
"	sanchar
",संचर,संचार
"	sanchaari
",संचारी,संचारी
"	sanchalanon
",संचलनों,संचालनों
"	sanjay
",संजय,संजय
"	sanjeevan
",संजीवन,संजीवन
"	santati
",संतति,संतति
"	sandarbh
",संदर्भ,संदर्भ
"	sandarbhon
",संदर्भों,संदर्भों
"	sandali
",संदली,संदली
"	sandhan
",संधन,संधान
"	samprati
",संप्रति,संप्रति
"	samprabhu
",संप्रभु,संप्रभु
"	samprabhuta
",संप्रभुता,संप्रभुता
"	sambit
",संबित,संबित
"	sambhalane
",संभालने,संभालने
"	sambhrant
",संभरंत,संभ्रांत
"	sanyog
",सानयोग,संयुक्त
"	sanyukta
",सानयुक्त,संयुक्ता
"	sanyogvash
",सन्योग्वश,संयोगवश
"	sanyojan
",सन्योजन,संयोजन
"	sanyojanon
",सन्योजनों,संयोजनों
"	samvedikaran
",संवेदीकरण,संवेदीकरण
"	samshayon
",संशायों,संशयों
"	sanskaar
",संस्कार,संस्कार
"	sanskaari
",संस्कारी,संस्कारी
"	sanskrit
",संस्कृत,संस्कृत
"	sanskritiyan
",संस्कृतियां,संस्कृतियां
"	sanskritiyon
",संस्कृतियों,संस्कृतियों
"	sanasthit
",संस्थित,संस्थित
"	sanasthita
",संस्थिता,संस्थिता
"	sakara
",सकरा,सकरा
"	sakshan
",सक्षण,सक्शन
"	sacchidanand
",सच्चीदंद,सच्चिदानंद
"	sajja
",सज्जा,सज्जा
"	sat
",सत,सत
"	satpal
",सत्पाल,सतपाल
"	satluj
",सतलुज,सतलुज
"	sataane
",सताने,सताने
"	sate
",सते,सते
"	satti
",सत्ती,सत्ती
"	satvat
",सत्वत,सत्वत
"	sadanand
",सादनंद,सदानंद
"	sapane
",सपने,सपने
"	saparivaar
",सपरवार,सपरिवार
"	sapaat
",सपाट,सपाट
"	sapate
",सपते,सपाटे
"	saptakranti
",सप्तकंती,सप्तक्रांति
"	saptapadi
",सप्तापदी,सप्तपदी
"	saptari
",सप्तऋ,सप्तरी
"	sapramaan
",सप्रमाण,सप्रमाण
"	submit
",सुब्मित,सबमिट
"	sabmission
",सब्मीशन,सबमिशन
"	sabhaein
",सभाएं,सभाएं
"	sabhasadon
",सभासों,सभासदों
"	sabhyata
",सभ्यता,सभ्यता
"	samjhoonga
",समझूंगा,समझूंगा
"	saman
",समन,समन
"	samanvayaka
",समन्वयका,समन्वयक
"	samaadhaan
",समाधान,समाधान
"	samadhiyon
",समाधियों,समाधियों
"	samalakha
",समलाखा,समालखा
"	samahaar
",समहार,समाहार
"	samitiyan
",समितियां,समितियां
"	sametati
",समेटती,समेटती
"	sarka
",सरका,सरका
"	sarkarein
",सरकरें,सरकारें
"	sarkaaron
",सरकारों,सरकारों
"	sargana
",सरगना,सरगना
"	sarganaon
",सरगनाओं,सरगनाओं
"	sargi
",सर्गी,सरगी
"	sarguja
",सरगुजा,सरगुजा
"	sarsa
",सरसा,सरसा
"	sarahind
",सरहिंद,सरहिंद
"	saraaha
",सराहा,सराहा
"	saraahi
",सराही,सराही
"	salaahkar
",सलाहकर,सलाहकार
"	saleeb
",सलीब,सलीब
"	select
",सेलेक्ट,सलेक्ट
"	saltanat
",सल्तानात,सल्तनत
"	savaal
",सवाल,सवाल
"	sahakalaakar
",सहकलाकर,सहकलाकार
"	sahadev
",सहादेव,सहदेव
"	sahrawat
",सहराव,सहरावत
"	sahooliyata
",सहूलियता,सहूलियत
"	saanketika
",सांकेतिका,सांकेतिक
"	saimans
",सैमान्स,साइमंस
"	saima
",सैमा,साइमा
"	sagarika
",सागरिका,सागरिका
"	saga
",सगा,सागा
"	saajan
",साजन,साजन
"	saajsajja
",साजसज्जा,साजसज्जा
"	saja
",सजा,साजा
"	saathsaath
",साथसाथ,साथसाथ
"	sathiya
",साथिया,साथिया
"	saabah
",साबह,साबाह
"	samanjasy
",समांजसी,सामंजस्य
"	samoa
",समो,सामोआ
"	saayn
",सायं,सायं
"	saira
",सैरा,सायरा
"	salve
",सल्वे,साल्वे
"	sahab
",सहाब,साहब
"	singapore
",सिंगापोर,सिंगापुर
"	singaar
",सिंगार,सिंगार
"	singhaadey
",सिंघाड़े,सिंघाड़े
"	singhi
",सिंघी,सिंघी
"	singha
",सिंहा,सिंहा
"	siera
",सीयर,सिएरा
"	sikud
",सिकुड़,सिकुड़
"	signals
",सिग्नल्स,सिगनल्स
"	cigaretton
",सिगरेट्टन,सिगरेटों
"	siddhivat
",सिद्धिवत,सिद्धवट
"	sinabang
",सिनाबंग,सिनाबंग
"	synapse
",सिनाप्से,सिनेप्स
"	sipah
",सिपह,सिपाह
"	sipahiyon
",सिपहियों,सिपाहियों
"	sipahi
",सिपही,सिपाही
"	sim
",सिम,सिम
"	simat
",सिमट,सिमट
"	simatataa
",सिमटता,सिमटता
"	cement
",सीमेंट,सिमटे
"	simi
",सिमी,सिमी
"	sims
",सिंस,सिम्स
"	siyasi
",सियासी,सियासी
"	siyah
",सियाह,सियाह
"	sirpur
",सिरपुर,सिरपुर
"	sivan
",सिवन,सिवान
"	sisva
",सिस्वा,सिसवा
"	cil
",सिल,सीआईएल
"	csi
",सीएसई,सीएसआई
"	sikar
",सीकर,सीकर
"	seaten
",सीटन,सीटें
"	sitaram
",सितारम,सीताराम
"	sitaharan
",सितहरण,सीताहरण
"	cpm
",सीपीएम,सीपीएम
"	cps
",सीपीएस,सीपीएस
"	cbse
",सीबीएस,सीबीएसई
"	seem
",सीम,सीम
"	sealed
",सील्ड,सील्ड
"	ccd
",सीसीडी,सीसीडी
"	sugamata
",सुगमता,सुगमता
"	sujan
",सुजन,सुजेन
"	sujain
",सुजनें,सुजैन
"	sujhaati
",सुझाती,सुझाती
"	sutali
",सुतली,सुतली
"	suta
",सुता,सुता
"	sdueep
",स्दूप,सुदीप
"	sudhaargrah
",सुधारग्रह,सुधारगृह
"	sunaaron
",सुनारों,सुनारों
"	sunaseer
",सुनासीर,सुनासीर
"	suneeti
",सुनीति,सुनीति
"	sunega
",सुनेगा,सुनेगा
"	superhit
",सुपरहित,सुपरहिट
"	supachy
",सुपाच्य,सुपाच्य
"	subhaay
",सुभाय,सुभाय
"	surveen
",सुर्वीन,सुरवीन
"	surana
",सुरना,सुराणा
"	sulkhan
",सुलखन,सुलखान
"	suljaayi
",सुलझायी,सुलझाई
"	sultana
",सुल्ताना,सुलताना
"	sulaati
",सुलाती,सुलाती
"	susanskrit
",सुसंस्कृत,सुसंस्कृत
"	suhagin
",सुहागिन,सुहागिन
"	soond
",सूंद,सूंड़
"	suiyan
",सूइयां,सूइयां
"	sukhati
",सूखती,सूखती
"	sukhakar
",सूखाकर,सूखाकर
"	soochak
",सूचक,सूचक
"	sooja
",सूजा,सूजा
"	suba
",सूबा,सूबा
"	sube
",सूबे,सूबे
"	sooraj
",सूरज,सूरज
"	surinaam
",सूरीनाम,सूरीनाम
"	suryadev
",सुर्यादेव,सूर्यदेव
"	sendha
",सेंधा,सेंधा
"	senvai
",सेनवाई,सेंवई
"	sensing
",सेंसिंग,सेंसिंग
"	sexual
",सेक्सुअल,सेक्सुअल
"	saturday
",सतुर्दय,सेटरडे
"	seti
",सेटी,सेटी
"	seto
",सेटो,सेटो
"	seth
",सेथ,सेथ
"	safety
",सफेत्य,सेफ्टी
"	semen
",सीमेन,सेमिन
"	self
",सेल्फ,सेल्फ
"	selfie
",सेल्फी,सेल्फी
"	save
",सेव,सेव
"	sevakon
",सेवकों,सेवकों
"	samuels
",समुएल्स,सैम्युल्स
"	celery
",सेलरी,सैलरी
"	sakar
",सकर,सॉकर
"	songs
",सांग्स,सॉन्ग्स
"	solicitor
",सॉलिसिटर,सॉलिसिटर
"	sochane
",सोचने,सोचने
"	sonu
",सोनू,सोनू
"	soma
",सोमा,सोमा
"	somi
",सोमी,सोमी
"	soy
",सो,सोय
"	soya
",सोया,सोया
"	solitaire
",सोलीटेयर,सोलिटेयर
"	soharai
",सोहराई,सोहराई
"	sohaval
",सोहावल,सोहावल
"	saunpane
",सौंपने,सौंपने
"	scala
",स्काला,स्काला
"	ski
",स्काई,स्की
"	scootaron
",स्कूटरों,स्कूटरों
"	scandinavia
",स्कैंडिनेविया,स्कैंडिनेविया
"	scaining
",स्कैनिंग,स्कैनिंग
"	squash
",स्क्वाश,स्क्वाश
"	squash
",स्क्वैश,स्क्वैश
"	skhalan
",स्खलन,स्खलन
"	stain
",स्टैन,स्टैन
"	stop
",स्टॉप,स्टॉप
"	stops
",स्टॉप्स,स्टॉप्स
"	stone
",स्टोन,स्टोन
"	straws
",स्ट्रास,स्ट्रास
"	stra
",स्ट्रा,स्ट्रे
"	strocks
",स्ट्रोक्स,स्ट्रोक्स
"	stan
",स्टन,स्तन
"	stanadhari
",स्तानधारी,स्तनधारी
"	sthiti
",स्थिती,स्तिथि
"	stuti
",स्टूटी,स्तुति
"	sthitiyaan
",स्थितियां,स्थितियां
"	sthitiyon
",स्थितियों,स्थितियों
"	sthool
",स्थूल,स्थूल
"	sthoolta
",स्थूलता,स्थूलता
"	sneakers
",स्नीकर्स,स्नीकर्स
"	spear
",स्पीयर,स्पीयर
"	spell
",स्पेल,स्पेल
"	spelar
",स्पेलर,स्पेलर
"	sprint
",स्प्रिंट,स्प्रिट
"	spray
",स्प्रेय,स्प्रे
"	sfoorti
",स्फूर्ति,स्फूर्ति
"	slide
",स्लाइड,स्लाइड
"	slider
",स्लाइडर,स्लाइडर
"	slaaidon
",स्लाइडों,स्लाइडों
"	sliders
",स्लाइडर्स,स्लाइड्स
"	slice
",स्लाइस,स्लाइस
"	slash
",स्लैश,स्लैश
"	swaroopon
",स्वरुपों,स्वरुपों
"	swa
",स्वा,स्वा
"	swaachaalit
",स्वाचालित,स्वाचालित
"	swaarthparak
",स्वार्थपरक,स्वार्थपरक
"	swiftlate
",स्विफल्टेट,स्विफ्टलेट
"	sweekarte
",स्वीकर्ते,स्वीकारते
"	sweet
",स्वीट,स्वीट
"	sweep
",स्वीप,स्वीप
"	sweccha
",स्वेच्छा,स्वेच्छा
"	sweta
",स्वेता,स्वेता
"	swap
",स्व,स्वैप
"	handiya
",हंडिया,हंडिया
"	hakikat
",हकीकत,हकीकत
"	hathiya
",हथिया,हथिया
"	hamala
",हमाला,हमला
"	hamalavar
",हमलावर,हमलावर
"	hamaal
",हमाल,हमाल
"	hercules
",हैरकुल्स,हरक्यूलिस
"	hardas
",हरदास,हरदास
"	harpaal
",हरपाल,हरपाल
"	harvansh
",हरवंश,हरवंश
"	haraval
",हरावल,हरावल
"	hurricane
",हर्रिकन,हरिकेन
"	harijan
",हरिजन,हरिजन
"	hariyali
",हरियाली,हरियाली
"	harshit
",हर्षित,हर्षित
"	haldi
",हल्दी,हल्दी
"	halla
",हल्ला,हल्ला
"	hawamahal
",हवामहाल,हवामहल
"	hawalaat
",हवालात,हवालात
"	hasino
",हसीनो,हसीनों
"	haan
",हां,हां
"	haanfte
",हांफते,हांफते
"	higman
",हाइजमन,हाइमन
"	hadauti
",हड़ौती,हाड़ौती
"	haani
",हानी,हानी
"	haarjeet
",हारजीत,हारजीत
"	haaranaa
",हारना,हारना
"	haalchaal
",हालचाल,हालचाल
"	halt
",हाल्ट,हाल्ट
"	hahakar
",हहाकर,हाहाकार
"	hingis
",हिंगिस,हिंगिस
"	hindan
",हिंडन,हिंडन
"	hijada
",हिजड़ा,हिजड़ा
"	hijbul
",हिजबुल,हिजबुल
"	hippo
",हिप्पो,हिप्पो
"	hippopotamus
",हिपपोपोटमस,हिप्पोपोटेमस
"	himali
",हिमाली,हिमाली
"	hilane
",हिलने,हिलने
"	hisham
",हिशम,हिशाम
"	heeraganj
",हीरागंज,हीरागंज
"	heroes
",हीरोस,हीरोज
"	hui
",हुई,हुईं
"	hooper
",हूपर,हूपर
"	hegde
",हेगड़े,हेगडे
"	hemvati
",हेमवती,हेमवती
"	help
",हेल्प,हेल्प
"	helper
",हेल्पर,हेल्पर
"	haito
",हैतो,हैतो
"	hairam
",हैराम,हैरम
"	herald
",हेराल्ड,हैराल्ड
"	haive
",हैवे,हैव
"	hong
",होंग,हॉन्ग
"	half
",हॉफ,हॉफ
"	hounga
",हाउंगा,होऊंगा
"	holding
",होल्डिंग,होल्डिंग
"	hoshangabaad
",होशनगाबाद,होशंगाबाद
"	hostes
",होस्टेस,होस्टेस
